formula,natoms,energy,number,has_inversion_symmetry,lgnum,layergroup,bravais_type,thickness,evac,dipz,minhessianeig,dyn_stab,alphax_el,alphay_el,alphaz_el,alphax_lat,alphax,alphay_lat,alphay,alphaz_lat,alphaz,emass_cbm,emass_vbm,is_magnetic,spin_axis,dE_zx,dE_zy,ehull,hform,is_ferroelectric,P_spontaneous_norm,J,lam,A,spin,N_nn,topology,plasmafrequency_x,plasmafrequency_y,halfmetal_gap,halfmetal_gap_dir,gap_gw,vbm_gw,cbm_gw,efermi_gw,E_B,num_elements,element_1,element_2,element_3
MgCl2,3,-10.848958215860366,164,1,72,0,0,2.745811729488267,2.8707139820519716,-4.033417390759571e-12,-2.0085061320874493e-15,1,0.8112488662144047,0.811248866214405,0.28082713317054947,1.805928559478913,2.617177425693318,1.7996578819218532,2.6109067481362582,0.06894687898821643,0.3497740121587659,0.41344569446421264,1.1664931667717855,0,2,0.0,0.0,2.9605947323337506e-16,-1.8871292048089279,0,,,,,,,0,0.0,0.0,,,9.598559353258569,-10.83840831635791,-1.239848963099341,-6.0391286397286255,1.8604292211304214,2,Mg,Cl,
MgCl2,3,-10.278506774824864,187,0,78,1,0,3.08004352063059,3.085567958641792,4.3232491035319306e-09,-0.07605780013118997,0,0.907759796405174,0.9077597964051749,0.3078977535141158,,,,,,,0.4232796191520932,1.0695101273198673,0,2,0.0,0.0,0.19015048034516754,-1.6969787244637606,0,,,,,,,0,0.0,0.0,,,8.209943847887267,-10.484681102035644,-2.2747372541483757,-6.37970917808676,1.7930557737217292,2,Mg,Cl,
RuBr2,3,-12.93679807986843,164,1,72,0,0,2.6336983078992056,3.3028176362134554,6.528271773250589e-11,-5.751219470199281e-15,1,3.9139706855613454,3.913970685561343,0.3359265571649909,0.17092108389693086,4.0848917694582765,0.1697602361811294,4.083730921742473,0.0037870224420498066,0.33971357960704074,0.7983218220617994,3.249751233515195,0,2,0.0,0.0,0.1872150665743053,-0.10147924612467267,0,,,,,,,0,0.0,0.0,,,2.403057819504702,-4.877997320647895,-2.4749395011431927,-3.676468410895237,1.3526126406042143,2,Ru,Br,
MnCl2,3,-16.46695944294954,164,1,72,0,0,2.7668657795860154,2.9874091713881703,-2.59223076872811e-10,-3.469779474184563e-16,1,1.1552350286968853,1.1552350286968847,0.2933055105658291,,,,,,,1.8756791337608774,1.310602481280064,1,2,-0.017908770246322092,-0.017954555914911907,0.0,-1.0600121910629923,0,,-0.5924719336871931,0.0006192468481458491,0.0011797495858445473,2.5,6.0,0,0.0,0.0,,,5.398439495142499,-7.751841973738944,-2.353402478596446,-5.052622226167696,0.06386411424780891,2,Mn,Cl,
WTe2,3,-18.223252816143983,187,0,78,1,0,3.6239244264669317,4.832898317412765,-2.0035197377964572e-09,-4.39349957771916e-15,1,8.859341230766004,8.859341230766004,0.4669109779607955,0.6186456057442743,9.47798683651028,0.6161895989990419,9.475530829765047,0.002619345030073368,0.4695303229908689,0.44998967037959525,0.28794168255245145,0,2,0.0,0.0,0.02629539608146203,-0.10947177197261719,0,,,,,,,0,0.0,0.0,,,1.3766233686731302,-4.769904415460913,-3.3932810467877834,-4.081592731124348,0.4198453566249689,2,W,Te,
PbI2,3,-8.792733054769176,164,1,72,0,0,3.734819336916572,3.1448028124636216,-9.699339627518436e-14,-3.633914144443715e-15,1,2.6571721004432924,2.657172100443292,0.4271412861401309,10.57524328148074,13.232415381924032,10.581043778258397,13.23821587870169,0.043949970313849146,0.4710912564539801,0.3071521065159104,2.7271724348382786,0,2,0.0,0.0,0.0,-0.692421804330173,0,,,,,,,0,0.0,0.0,,,3.224097533132783,-7.546586675009447,-4.322489141876664,-5.419138937221536,0.7478031775638638,2,Pb,I,
PbI2,3,-8.558779208319674,187,0,78,1,0,4.062193056098515,3.3515838022672826,-3.2583069577675944e-14,-4.057078183454683e-15,1,2.5976502569714146,2.5976502569714137,0.4613323631136253,5.273011755453674,7.870662012425089,5.263960392427704,7.861610649399117,0.052823866345441485,0.5141562294590668,0.4003040846712676,0.6687888807934642,0,2,0.0,0.0,0.07798461548316737,-0.6144371888470056,0,,,,,,,0,0.0,0.0,,,3.3377813603513817,-7.484559651582088,-4.146778291230706,-5.259664895435256,0.7619503173068362,2,Pb,I,
MoSe2,3,-20.291055724621312,187,0,78,1,0,3.33805895352641,4.584330644188648,-5.958587685442014e-14,-1.8082592220070203e-14,1,7.27956216571022,7.279562165710225,0.4116217953104684,0.2999474799097903,7.579509645620011,0.2986121397327848,7.57817430544301,0.0012556241941659822,0.41287741950463436,0.491940540516983,0.5850332478546281,0,2,0.0,0.0,0.0,-0.7077534906148024,0,,,,,,,0,0.0,0.0,,,2.1190653734421043,-5.269401988854958,-3.1503366154128543,-4.209869302133907,0.49978650001504665,2,Mo,Se,
ZrTe2,3,-16.17232615747774,187,0,78,1,0,3.723129124148598,4.155094461674989,-1.4182363891221723e-14,-2.4191288003180792e-14,1,9.953761994901122,9.95376199490112,0.46681380970967906,5.250199286738305,15.203961281639426,5.252041752850474,15.205803747751593,0.016298493926677846,0.48311230363635693,0.5362121836916919,1.0729546839417126,0,2,0.0,0.0,0.11006649962953337,-0.7865756072655975,0,,,,,,,1,0.0,0.0,,,0.9064045632181966,-5.821455873825664,-4.915051310607467,-5.368253592216566,0.42209385065930927,2,Zr,Te,
ZrO2,3,-25.89838187637049,187,0,78,1,0,2.325439597880483,3.629035306520268,3.973474421230492e-14,-5.878599090234072,0,1.6486754499137768,1.6486754499137795,0.2420093486909892,,,,,,,1.4832801092840016,4.087919631262847,0,2,0.0,0.0,0.7663511190227533,-2.7489584306160757,0,,,,,,,0,0.0,0.0,,,4.435121143920816,-9.559930222190012,-5.1248090782691955,-7.342369650229321,2.0284323573480116,2,Zr,O,
ZrO2,3,-27.54775594606739,164,1,72,0,0,1.9226639448631566,3.1817799223269034,-3.3603237441842755e-14,-3.7468887013303063e-16,1,1.4018644589829272,1.401864458982927,0.21541608630861567,10.745092381074494,12.146956840057422,10.895845291044472,12.297709750027398,0.07485073594068672,0.2902668222493024,1.384024972119794,1.9144945955206731,0,2,0.0,0.0,0.21655976245711983,-3.298749787181709,0,,,,,,,0,0.0,0.0,,,7.722003211669808,-9.429003150920277,-1.7069999392504693,-5.568001545085373,2.1042783602646558,2,Zr,O,
ZrCl2,3,-16.088364071566033,187,0,78,1,0,3.4157984398376016,3.9185115604640144,4.880645864504854e-14,-2.0113959521897178e-14,1,5.127330200395246,5.127330200395245,0.3562965225951452,0.2128822512696062,5.340212451664852,0.21618575474204363,5.343515955137288,0.010308053725757075,0.36660457632090226,1.0073714237610798,0.43126653322191766,0,2,0.0,0.0,0.0,-1.7050652402350515,0,,,,,,,0,0.0,0.0,,,1.9926315565514572,-4.43020508896471,-2.4375735324132526,-3.4861161287549334,0.9094423908270558,2,Zr,Cl,
CdBr2,3,-6.805098161149914,164,1,72,0,0,3.13321570143189,2.9434060961212527,-1.7013945152921929e-15,-8.375985564381945e-14,1,1.510006494115922,1.510006494115924,0.3464862922683195,3.2934658957421195,4.803472389858041,3.2933060998818884,4.803312593997813,0.0536045675476756,0.4000908598159951,0.3904895397311922,0.7991005328651165,0,2,0.0,0.0,0.0,-0.9028809709696025,0,,,,,,,0,0.0,0.0,,,5.484220227301568,-8.904231558333624,-3.420011331032057,-6.162121444682841,1.2824661710316358,2,Cd,Br,
CdBr2,3,-6.441146414046291,187,0,78,1,0,3.4750430541799773,3.1490861964396206,4.993330312710576e-14,-0.5395211140263622,0,1.6670447820585652,1.667044782058568,0.37890922710607927,,,,,,,0.3564397508187694,0.811360847890416,0,2,0.0,0.0,0.12131724903454089,-0.7815637219350616,0,,,,,,,0,0.0,0.0,,,4.647900169033438,-8.705812135195146,-4.057911966161707,-6.38186205067367,1.1231819781302073,2,Cd,Br,
MgI2,3,-7.815412525590119,164,1,72,0,0,3.3486353133357305,3.19389782784099,2.981501581540616e-14,-5.547793361626025e-16,1,1.6373933042341389,1.6373933042341349,0.39074701370574544,2.907593518799625,4.544986823033764,2.9615896042669374,4.598982908501072,0.05161808999844147,0.4423651037041869,0.4491153617874237,0.49557444559445174,0,2,0.0,0.0,0.0012461386178583094,-1.0803931844256256,0,,,,,,,0,0.0,0.0,,,5.743984333579279,-7.746660848243613,-2.0026765146643344,-6.310664764848793,1.0978574510702535,2,Mg,I,
MgI2,3,-7.33869052826095,187,0,78,1,0,3.6972458413515668,3.350477635947505,-1.8268010614389753e-12,-0.38996891931794686,0,1.7663446000406937,1.7663446000406953,0.4227004857495336,,,,,,,0.5722130110374384,0.451913199120521,0,2,0.0,0.0,0.16015347106091463,-0.9214858519825692,0,,,,,,,0,0.0,0.0,,,4.921077336162822,-7.308145361822351,-2.387068025659529,-4.847606693738423,0.9182760097356701,2,Mg,I,
HfCl2,3,-15.696102207835901,187,0,78,1,0,3.4599141836685092,4.035370111961512,-9.424632323320708e-13,-1.6867456522349848e-15,1,4.3666701074707985,4.366670107470802,0.355142486488411,0.39769700775630534,4.764367115227104,0.3949851534352501,4.7616552609060525,0.01059161752017844,0.36573410400858947,0.7801494122346229,0.37649406150632436,0,2,0.0,0.0,0.00681337844221197,-1.539937580898431,0,,,,,,,0,0.0,0.0,,,2.0915107901850156,-4.373244361870824,-2.281733571685808,-3.3702163817308683,0.9136897516752635,2,Hf,Cl,
YCl2,3,-14.406901848432268,187,0,78,1,0,3.4349399332357526,3.476343455010591,3.40217550389673e-14,4.577744159151995e-16,1,2.6142605153876546,2.614260515387667,0.33758945505634447,1.4668297540453985,4.081090269433053,1.4505464122017635,4.06480692758943,0.03773473871121139,0.3753241937675559,2.2552270428548926,1.9106904235906983,1,2,-0.0006862205736979377,-0.000672952921831893,0.045503871077878934,-2.048398206976501,0,,16.388483150421962,-0.004063548923719888,0.0,0.5,6.0,0,0.0,0.0,,,1.8521282846701212,-4.76292710717964,-2.910798822509519,-3.8368629648445793,0.6726637548168217,2,Y,Cl,
SnO2,3,-18.94794544507251,164,1,72,0,0,2.0179246493448275,3.254155036357574,4.118130931821184e-14,-6.349167790895152e-15,1,1.231926539657258,1.2319265396572574,0.22750017955995475,2.2595077757964876,3.4914343154537457,2.2583158667124312,3.4902424063696884,0.05146078570841251,0.2789609652683673,0.3658440138813825,3.7396674071359133,0,2,0.0,0.0,0.1509950331367366,-1.5477170216558218,0,,,,,,,0,0.0,0.0,,,5.444250711973135,-10.128391527792166,-4.684140815819032,-7.4062661718055995,1.8233710254403865,2,Sn,O,
SnO2,3,-17.466011523103656,187,0,78,1,0,2.4549643963676786,3.6397423518213254,3.1353584715773806e-14,-0.24911720257665684,0,1.8405318470593337,1.8405318470593353,0.262170979654718,,,,,,,0.30713162101335145,7.139500844520791,0,2,0.0,0.0,0.6449730071263543,-1.0537390476662043,0,,,,,,,0,0.0,0.0,,,2.87076470879885,-9.918580804727732,-7.047816095928882,-8.0547388731474,1.6500327951651224,2,Sn,O,
VCl2,3,-15.61483467619956,164,1,72,0,0,2.66201033687039,3.054629006385678,1.9047549380269242e-10,-9.985969159358705e-16,1,1.4538729051836488,1.453872905183649,0.28699991970745564,0.7759465233618749,2.2298194285455235,0.7746230280901405,2.2284959332737895,0.027648603242383118,0.31464852294983875,1.321483544453118,8.291569600269202,1,2,-0.03316948016163224,-0.03360041830546834,0.0,-1.1735352291508725,0,,-5.116448442638305,-0.0009658953609282939,0.02698627855579616,1.5,6.0,0,0.0,0.0,,,3.4585896552511963,-5.2096342802173545,-1.751044624966158,-3.4803394525917564,3.8265313134300456,2,V,Cl,
OsCl2,3,-14.273476412450467,164,1,72,0,0,2.329743960945195,3.446480276991851,-3.6739635539885056e-10,-4.5188850381643345e-15,1,3.0280910453512577,3.028091045351266,0.2832818243704386,0.06360697429608685,3.0916980196473447,0.06410189205859208,3.0921929374098585,3.664206062379731e-05,0.2833184664310624,0.9520526042964672,2.6720596783780683,0,2,0.0,0.0,0.5002429602124506,0.16250433453542948,0,,,,,,,0,0.0,0.0,,,2.881204377402753,-5.152938576069703,-2.2717341986669504,-3.712336387368204,1.47284607162056,2,Os,Cl,
BaBr2,3,-11.294692888049523,187,0,78,1,0,3.6743739577948844,3.0173302110014113,-2.7435229622259867e-14,-1.4609877358891095e-14,1,0.942881816007509,0.9428818160075079,0.33854989275666175,1.6834006069061689,2.626282422913678,1.6845003375303915,2.6273821535378996,0.11005656935580227,0.448606462112464,4.979181491690851,7.167861731670412,0,2,0.0,0.0,0.16706268783939096,-2.0990715091626595,0,,,,,,,0,0.0,0.0,,,7.283872720656165,-9.70943255241706,-2.4255598317608933,-6.067496192088976,2.2385581373047785,2,Ba,Br,
PbSe2,3,-10.848036116418651,164,1,72,0,0,3.33819831300091,3.5550257669407443,-9.543292935958142e-15,-7.745874809202428e-15,1,7.8652182304138885,7.865218230413892,0.41879815711973684,9.130645903721467,16.995864134135356,9.131577576131,16.996795806544892,0.011483863993748082,0.4302820211134849,0.5419969952273691,0.4189785725876077,0,2,0.0,0.0,0.34704404755504153,-0.04127068501621759,0,,,,,,,1,0.0,0.0,,,0.38857927896170175,-6.402587963737874,-6.014008684776172,-6.208298324257024,0.5291817908815352,2,Pb,Se,
ZnBr2,3,-6.37637890649052,187,0,78,1,0,3.2908663914529406,3.126286855134543,1.9741662765280834e-14,-1.578592382474072,0,1.797349045109896,1.7973490451098968,0.37805151404252985,,,,,,,0.3157304961533995,0.6440493035553058,0,2,0.0,0.0,0.24934215260100348,-0.6743893768049167,0,,,,,,,0,0.0,0.0,,,4.741966717189304,-8.308977140429349,-3.5670104232400437,-5.937993781831663,1.1238924680138205,2,Zn,Br,
ZnBr2,3,-6.8834403056283895,164,1,72,0,0,2.9651972106632236,2.96643763587166,6.145545408726272e-15,-1.2382432049711233e-15,1,1.638869011062962,1.638869011062962,0.3483914571192286,5.852241904742431,7.491110915805392,5.872302409314719,7.511171420377681,0.05120118686545477,0.39959264398468336,0.5685323141576284,0.7812801706321063,0,2,0.0,0.0,0.08032168622171361,-0.8434098431842066,0,,,,,,,0,0.0,0.0,,,5.864009159372726,-8.710456376595058,-2.846447217222332,-5.778451796908695,1.4444476399914241,2,Zn,Br,
NiBr2,3,-11.636156836193798,164,1,72,0,0,2.807625327889567,3.066229806507769,8.54868351854801e-10,-2.2676874952072417e-15,1,2.4836981653927075,2.4836981653927066,0.3448222219799705,1.0310237553104649,3.514721920703172,1.034842774583159,3.518540939975866,0.013675307018302512,0.358497528998273,1.159090921407168,2.232682465550239,1,0,0.05063757987500139,0.04852507584018895,0.0,-0.4065925735952914,0,,7.329950356620429,0.009412962128863,-0.1402235471914537,1.0,6.0,0,0.0,0.0,,,2.611186160364978,-6.666633306690153,-4.055447146325175,-5.361040226507664,2.4139151727569805,2,Ni,Br,
CaCl2,3,-12.382873667018263,187,0,78,1,0,3.2321606265855323,2.9746661053950474,-6.923703114004663e-14,-5.360732278392477e-14,1,0.8175312246195803,0.8175312246195802,0.30093048838176706,1.711534860248229,2.529066084867809,1.7114226445463696,2.52895386916595,0.09105749576946019,0.39198798415122726,1.8723961990804394,28.9867256031573,0,2,0.0,0.0,0.16423140793338042,-2.2669209198649245,0,,,,,,,0,0.0,0.0,,,8.82993723406347,-10.823667551092322,-1.9937303170288523,-6.408698934060587,2.603096979276865,2,Ca,Cl,
CaCl2,3,-12.845676103049044,164,1,72,0,0,2.804341632858139,2.665717888850816,8.627544872349165e-14,-5.636275902447406e-15,1,0.7476623782233494,0.7476623782233482,0.26663764074070395,1.6372636610614968,2.384926039284846,1.6367118359982693,2.3843742142216175,0.09074735496351571,0.35738499570421967,1.2589002152246704,5.518843215456903,0,2,0.0,0.0,0.00996392925645336,-2.4211883985418514,0,,,,,,,0,0.0,0.0,,,9.883013327683699,-10.830558233805064,-0.9475449061213657,-5.889051569963215,2.5627284313970002,2,Ca,Cl,
HfTe2,3,-16.00845184303981,187,0,78,1,0,3.6988761198817652,4.195762328255183,-1.6985595068689522e-08,-9.023438742872398e-16,1,8.700635010990423,8.70063501099042,0.4561639015562263,4.583832636507091,13.284467647497515,4.554566702939964,13.255201713930383,0.013527509778959996,0.4696914113351863,0.5268386182239931,0.5847242246140083,0,2,0.0,0.0,0.1333685658145677,-0.6975771310263781,0,,,,,,,1,0.0,0.0,,,0.8085968153682431,-5.770583724903837,-4.961986909535594,-5.366285317219715,0.4387410875776827,2,Hf,Te,
PtCl2,3,-10.12418893528996,164,1,72,0,0,2.63187444002679,3.097682305123091,-5.029063350076833e-12,-2.5983301542099145e-15,1,2.283985931985143,2.283985931985144,0.30494483707387393,1.1240377025423791,3.408023634527522,1.1265261414031469,3.4105120733882908,0.015988574932031492,0.3209334120059054,1.3689863153060988,1.407656173540444,1,1,2.089007256927289,2.115111485863963,0.3579826248069355,-0.06663487429116206,0,,10.721559764363064,-0.5489006925074591,-0.7908701491601278,1.0,6.0,1,0.0,0.0,,,2.3695563076668535,-6.3945652217193105,-4.025008914052457,-5.209787067885884,1.3188526746368034,2,Pt,Cl,
GeI2,3,-8.553219372857304,164,1,72,0,0,3.489551787962494,3.247525474740736,-1.4780830228643625e-14,-1.281387503361047e-14,1,3.6138058458073856,3.6138058458073856,0.42695627895332233,21.03093052937587,24.644736375183253,20.978479547047424,24.59228539285481,0.028308015447177915,0.45526429440050026,0.25121379752660006,1.4346563547413822,0,2,0.0,0.0,0.0026261131971487086,-0.3601723067513041,0,,,,,,,0,0.0,0.0,,,3.3475638538983996,-6.845340602884632,-3.497776748986233,-4.476005661755169,0.9163205228617077,2,Ge,I,
CoBr2,3,-12.412111320302882,164,1,72,0,0,2.8685175518142394,3.1395624098650594,3.3992781609628663e-10,-5.667229932639141e-16,1,3.5685831222079405,3.568583122207944,0.3774462489744511,,,,,,,3.416565461615873,13.343664107831858,1,1,0.5605030808624178,0.5650394691087968,0.022610865176922196,-0.33806960049167206,0,,1.0836779488904034,0.06076605760401637,-0.6325475397469896,1.5,6.0,1,0.0,0.0,,,1.4009009239092507,-6.2524145205301735,-4.851513596620923,-5.551964058575548,2.2105933949291985,2,Co,Br,
TiO2,3,-25.77392530097837,164,1,72,0,0,1.9356980739537173,3.155815456304561,-2.958740144169959e-14,-1.9631585312997095,0,1.987188499026842,1.9871884990268422,0.21394630921173324,,,,,,,1.3389365417121348,2.065194450096353,0,2,0.0,0.0,0.13546633337948025,-2.945216712289033,0,,,,,,,0,0.0,0.0,,,5.751794722541195,-9.480999303864868,-3.7292045813236725,-4.8795635258186705,1.5361348145737383,2,Ti,O,
TiO2,3,-24.418173786257547,187,0,78,1,0,2.257984610526922,3.5087597284309675,3.58963028216015e-11,-10.532196596587818,0,1.9864652557580826,1.986465255758079,0.23762337108481088,,,,,,,1.459045685256337,3.2109854174912695,0,2,0.0,0.0,0.5873835049530877,-2.4932995407154253,0,,,,,,,0,0.0,0.0,,,3.915128082414996,-9.695073653036172,-5.779945570621176,-8.390030958892831,1.8070901519847629,2,Ti,O,
PdO2,3,-15.266821854223924,164,1,72,0,0,1.9580402376643384,3.0380311983403505,1.1646888818768453e-09,-7.806048812473922e-15,1,3.7671662720718637,3.767166272071868,0.23962769289371322,1.4679458632967353,5.235112135368599,1.4655721704448357,5.232738442516704,0.005769707399187627,0.24539740029290086,1.599706113944541,inf,0,2,0.0,0.0,0.0,-0.3994217711348084,0,,,,,,,0,0.0,0.0,,,2.9030065367266014,-7.988118129997593,-5.085111593270992,-6.536614861634293,1.2778871424165579,2,Pd,O,
HgBr2,3,-5.533129420962965,164,1,72,0,0,3.178815152261599,2.892670359281329,1.9489979233416778e-11,-2.4152836742550192e-14,0,1.9935457878002505,1.9935457878002514,0.36084051070426304,,,,,,,0.46572083398640673,0.7898096910451201,0,2,0.0,0.0,0.03814702165014753,-0.49285874025320214,0,,,,,,,0,0.0,0.0,,,3.785516076404095,-8.275993245266456,-4.490477168862362,-6.383235207062473,1.2163250269100345,2,Hg,Br,
HgBr2,3,-5.232952051316959,187,0,78,1,0,3.542150930565363,3.103653588008031,1.673887239324087e-08,-1.129460860529897,0,2.301589668550218,2.301589668550217,0.39613020739389815,,,,,,,0.3813598714540348,0.8924536805910719,0,2,0.0,0.0,0.13820614486548286,-0.39279961703786687,0,,,,,,,0,0.0,0.0,,,3.298921583337113,-8.287874744864771,-4.988953161527658,-6.63841395319284,1.0335456145647883,2,Hg,Br,
HfS2,3,-19.788167783112925,187,0,78,1,0,3.1384847674585004,4.012956031077554,-1.326134977821527e-12,-0.28624574166080524,0,3.155187176311958,3.1551871763119563,0.3593453544954036,,,,,,,0.9467406210577873,1.4537512592670285,0,2,0.0,0.0,0.2170574673631028,-1.3753108487003647,0,,,,,,,0,0.0,0.0,,,2.8264915231850436,-8.16645471902493,-5.339963195839887,-6.482128514646126,1.2899117936054596,2,Hf,S,
HfS2,3,-20.439340185202234,164,1,72,0,0,2.8962086039820507,3.7611580563948848,-9.418815562316587e-14,1.6195797229879318e-15,1,3.6043424736889964,3.6043424736889964,0.3353802615128241,14.508656357940204,18.1129988316292,14.242683911127658,17.847026384816655,0.02354824089809354,0.3589285024109176,0.7281985527325594,0.3143255597622026,0,2,0.0,0.0,0.0,-1.5923683160634674,0,,,,,,,0,0.0,0.0,,,2.9379879773506685,-7.504821899539926,-4.566833922189257,-6.035827910864592,0.7307218203182446,2,Hf,S,
PbS2,3,-11.927718624216233,164,1,72,0,0,3.083980716075267,3.5252455386261383,-5.851272364542118e-15,-1.1416662411277604e-13,1,4.619240386203729,4.619240386203725,0.3786772649058869,7.858074628235037,12.477315014438766,7.864527012689455,12.483767398893178,0.014322928409798734,0.3930001933156856,0.5206310545181171,1.1550762058667694,0,2,0.0,0.0,0.37437751575919326,-0.004322527148670948,0,,,,,,,0,0.0,0.0,,,1.7627619980359452,-7.606438971861113,-5.843676973825168,-6.725057972843141,0.8166648130542039,2,Pb,S,
MgBr2,3,-9.383536540269148,164,1,72,0,0,3.0140512968315223,2.859909138701849,-6.306682621197594e-12,-1.4811437111035584e-15,1,1.1149205716384516,1.114920571638451,0.32829494377852614,2.2530030884812446,3.367923660119696,2.248919443077921,3.363840014716372,0.05849737587343292,0.38679231965195904,0.3310701027078755,0.7648364193594818,0,2,0.0,0.0,0.0,-1.5323345972522828,0,,,,,,,0,0.0,0.0,,,7.716273016369211,-9.471899966554783,-1.7556269501855715,-5.613763458370178,1.242165782556227,2,Mg,Br,
MgBr2,3,-8.87616734680754,187,0,78,1,0,3.3462900629201364,3.0388562522368425,-4.9095405536426796e-11,-0.19140078365632607,0,1.232699290877139,1.2326992908771452,0.35677068665637823,,,,,,,0.3304006476312846,0.6637543476275997,0,2,0.0,0.0,0.16912306448720274,-1.36321153276508,0,,,,,,,0,0.0,0.0,,,6.501544088154217,-9.06908792444579,-2.5675438362915735,-5.818315880365356,1.232556347863952,2,Mg,Br,
OsI2,3,-12.834996669481503,164,1,72,0,0,2.7334789774153307,3.8409393705979826,4.2863387203034956e-11,-3.2705838633191272e-15,1,4.743515197929174,4.743515197929179,0.3848257293862512,,,,,,,0.5285555379795551,1.9332345601790801,0,2,0.0,0.0,0.4375517058183049,0.4375517058183049,0,,,,,,,0,0.0,0.0,,,2.234861972170756,-4.625256010827459,-2.3903940386567033,-3.507825024741986,0.8692375331328337,2,Os,I,
SnBr2,3,-9.360287873576077,187,0,78,1,0,3.6679479856630905,2.9853342214292558,1.0029369035254343e-13,-0.026111996183272777,0,2.129550773539777,2.129550773539776,0.3983769596327148,,,,,,,1.370239970904953,1.149966751515945,0,2,0.0,0.0,0.08578095982883556,-0.7116231933512331,0,,,,,,,0,0.0,0.0,,,4.268145021958974,-8.047956820788633,-3.7798117988296585,-5.202526806148022,1.575361357280142,2,Sn,Br,
SnBr2,3,-9.617630753062583,164,1,72,0,0,3.3245633373866292,2.7631195440408325,-2.4544095124971786e-14,-0.14017018438043652,0,2.118893127377662,2.1188931273776626,0.36368471037422834,,,,,,,0.3567952494794571,2.0808725547658478,0,2,0.0,0.0,1.4802973661668753e-16,-0.7974041531800685,0,,,,,,,0,0.0,0.0,,,4.0030627054201116,-7.907355966353969,-3.9042932609338576,-5.238647496070937,1.4232335201655455,2,Sn,Br,
GeS2,3,-13.343084222306183,164,1,72,0,0,2.7940182516731795,3.717951072306014,1.980901271739589e-14,-1.5090452226904728e-15,1,3.9662280447401708,3.9662280447401694,0.36117284919187814,5.603700318520187,9.569928363260358,5.375085575471089,9.341313620211258,0.012537038722253977,0.3737098879141321,0.3587581317444014,0.5237784709358878,0,2,0.0,0.0,0.12265027167945242,-0.22369945623707643,0,,,,,,,0,0.0,0.0,,,2.265981066506524,-7.531643416268354,-5.26566234976183,-6.398652883015092,0.7839070917951185,2,Ge,S,
MnO2,3,-24.892087471651873,164,1,72,0,0,1.9200795366474397,3.0497837572640876,-4.1600534933320146e-09,-8.28715119511762e-15,1,2.5936219802023173,2.5936219802023155,0.22326614599273314,5.471694634383388,8.065316614585704,5.486052360416635,8.07967434061895,0.019700532889008405,0.24296667888174156,0.8962519387838718,9.530975258143078,1,2,-0.3246126572093999,-0.32548054707604024,0.018068721956711425,-1.6422754560766404,0,,0.5382692382656589,0.005130573400593776,0.19310817037876404,1.5,6.0,0,0.0,0.0,,,3.191629277991421,-7.82804683201333,-4.636417554021909,-6.232232193017619,0.778491402591192,2,Mn,O,
VTe2,3,-15.85377771783303,187,0,78,1,0,3.505208736916723,4.308559758786518,-1.2603060651590994e-09,-9.71271813843589e-15,1,15.102706174908837,15.102706174908839,0.45825847183539076,0.05291640329850216,15.155622578207339,0.05289213969101531,15.155598314599855,2.0395832786962414e-05,0.4582788676681777,0.6162557090488114,1.743989714423979,1,0,1.9840177523633429,1.9839459212107613,0.01562756802445464,-0.3067059147553384,0,,84.70686542278827,-1.4999358666803648,0.0,0.5,6.0,1,0.0,0.0,,,4.000749563577189,-6.107017887439938,-2.106268323862749,-4.106643105651344,0.41494225557761644,2,V,Te,
PbBr2,3,-9.822997881901461,164,1,72,0,0,3.3285433352792557,2.7966557302321435,-2.6049992952641636e-14,-1.2809294390498674e-14,1,1.8710417910470698,1.8710417910470745,0.3553723334728703,12.405932632293673,14.276974423340743,12.427600299291447,14.298642090338522,0.058747975758563616,0.4141203092314339,0.3348842315951775,2.3761052368658366,0,2,0.0,0.0,0.0,-0.9650768213079157,0,,,,,,,0,0.0,0.0,,,4.207391866800679,-8.574807873435251,-4.367416006634572,-6.471111940034912,1.1859511730538694,2,Pb,Br,
PbBr2,3,-9.57812326640379,187,0,78,1,0,3.6829602831084465,3.03317623177202,-2.910577838379418e-13,-7.006078355878645e-15,1,1.873326002142948,1.8733260021429496,0.39164408659640565,5.547952138619641,7.421278140762588,5.548658696181586,7.421984698324535,0.0629729894835378,0.45461707607994345,0.6297942642434026,1.3253548247618645,0,2,0.0,0.0,0.08162487183255725,-0.8834519494753584,0,,,,,,,0,0.0,0.0,,,4.436109465714198,-8.656757652071256,-4.220648186357059,-6.438702919214158,1.5609399587431725,2,Pb,Br,
FeBr2,3,-13.359248710745643,187,0,78,1,0,3.286250443085528,3.425715347963733,-1.2955491003397695e-09,8.03469755737577e-16,1,8.764841093565975,8.76484109356599,0.4263433906168789,0.09987577753021645,8.864716871096192,0.11012635731956064,8.87496745088555,0.020177072615939203,0.44652046323281813,0.8823767362904921,0.8349973034020349,1,0,0.09238250416387928,0.09223363801424966,0.08149539435740157,-0.38280183650268523,0,,12.098686115354695,-0.07061481587911089,0.23727181141926698,2.0,6.0,1,0.0,0.0,,,0.7591576216424405,-5.264963995654828,-4.505806374012387,-4.885385184833607,0.5052381307486461,2,Fe,Br,
PtSe2,3,-14.559603637603868,164,1,72,0,0,2.6196174497051317,3.6743055677775347,-3.217928688635218e-10,-4.954948504468635e-15,1,7.067946025638867,7.067946025638866,0.3847451669148007,0.4100048265162971,7.477950852155164,0.40800970210096765,7.475955727739834,2.4508523931866933e-05,0.3847696754387326,0.3272417286808719,3.0283199894227164,0,2,0.0,0.0,7.401486830834377e-17,-0.4133001782387969,0,,,,,,,0,0.0,0.0,,,2.380966208275626,-6.244601805565694,-3.8636355972900684,-5.054118701427882,0.5114137640306967,2,Pt,Se,
YBr2,3,-13.046738937550526,187,0,78,1,0,3.72095513932486,3.475662321264272,1.0268068953722009e-09,-4.641035546486976e-15,1,3.1408766409147613,3.1408766409147644,0.387533165463212,1.256598765799185,4.397475406713946,1.2294242473224302,4.370300888237194,0.02913002077253911,0.4166631862357511,1.8501709653498357,1.2318331770002637,1,1,0.11930512653179903,0.1193209545249374,0.016448334704337302,-1.7286898543230143,0,,16.987211614093667,-0.08337715181975607,0.0,0.5,6.0,0,0.0,0.0,,,1.5740919111649525,-4.460110630774912,-2.886018719609959,-3.673064675192436,0.5363344785011301,2,Y,Br,
CaBr2,3,-11.07731591474828,187,0,78,1,0,3.5143196063686455,2.974280988308383,1.3305006963363935e-14,-4.533436813478227e-15,1,1.056570243133583,1.0565702431335833,0.3489294056388635,1.805881454930646,2.8624516980642287,1.8064352095419434,2.8630054526755266,0.07634874733557234,0.42527815297443583,1.3808314691691896,1.423790840079663,0,2,0.0,0.0,0.12879368998819452,-1.9654142867486906,0,,,,,,,0,0.0,0.0,,,7.586742996993701,-9.784014174940074,-2.197271177946373,-5.9906426764432235,2.1723017911220035,2,Ca,Br,
CaBr2,3,-11.463696984712863,164,1,72,0,0,3.120745988934882,2.7174906523751354,2.53220305737664e-14,-7.78182576261704e-16,1,0.9680146736170269,0.9680146736170269,0.3139727090067413,1.7675392042610303,2.7355538778780573,1.8395423544190406,2.8075570280360673,0.07331598233542891,0.3872886913421702,1.0851942729646955,0.9515906277835756,0,2,0.0,0.0,0.0,-2.094207976736885,0,,,,,,,0,0.0,0.0,,,8.458041586588111,-9.815367127799963,-1.3573255412118523,-5.586346334501581,1.980412670400212,2,Ca,Br,
PdCl2,3,-8.438800536299611,164,1,72,0,0,2.7190116166926632,3.031763253093446,-3.448552122663881e-10,-1.0957848572613595e-15,1,2.38244322552535,2.3824432255253503,0.31111192040752,1.199892842285567,3.5823360678109166,1.2098287104862804,3.5922719360116306,0.016081164751246588,0.3271930851587666,1.2488104118010235,2.282528101030604,1,1,0.0081217751812801,0.011826862191810505,0.1656472776101031,-0.3495274097138328,0,,11.963113877470732,-0.003217590716531049,0.002411718412531627,1.0,6.0,1,0.0,0.0,,,2.5115507171848623,-7.100347828914318,-4.588797111729455,-5.844572470321886,1.5591355671876492,2,Pd,Cl,
FeCl2,3,-14.635342106486345,187,0,78,1,0,3.0788171637219666,3.504216820299625,-1.681010607588151e-08,-2.0933908388923265e-14,1,6.6666065983158695,6.666606598315857,0.38725061130036453,0.26743016414025234,6.934036762456122,0.270060393840705,6.936666992156562,0.02351950942586936,0.41077012072623387,0.8378963939314409,0.8057225993963207,1,2,-0.18978420129656115,-0.1901952931859796,0.06702106620731103,-0.6744870174424923,0,,15.11777413687554,-0.035301137595311616,0.1972295754886962,2.0,6.0,1,0.0,0.0,,,0.921467357645217,-5.572726688882286,-4.6512593312370685,-5.1119930100596775,0.5835952526880921,2,Fe,Cl,
ZnI2,3,-5.615137751487632,164,1,72,0,0,3.2548115370247714,3.3347221444643287,3.0805027026248567e-14,-1.35063635708499e-14,1,2.476038347838824,2.4760383478388235,0.40873564922560884,,,,,,,0.441335276416006,0.4605423549205033,0,2,0.0,0.0,0.124459539567499,-0.4914089172036397,0,,,,,,,0,0.0,0.0,,,3.5840272492609047,-7.108395666650474,-3.5243684173895695,-6.0623852466607335,0.9605321534596347,2,Zn,I,
ZnI2,3,-5.074631418300903,187,0,78,1,0,3.6045412542032693,3.4579009342150293,2.8885319330518085e-14,-2.0124693168677443,0,2.6923307697205443,2.692330769720548,0.4417808393700988,,,,,,,0.44762431373563677,0.42283050428509433,0,2,0.0,0.0,0.30462831729640855,-0.31124013947473017,0,,,,,,,0,0.0,0.0,,,2.6684335232056564,-6.620763051955956,-3.9523295287502993,-5.603653506326507,0.9465056607907416,2,Zn,I,
TiSe2,3,-16.670125347093062,187,0,78,1,0,3.2398796543619515,3.980236237490234,-3.2528469118901974e-14,-1.246017583285975e-13,1,7.311015189716854,7.31101518971686,0.4035750199911839,3.8089451331574993,11.119960322874354,3.808445010334403,11.119460200051263,0.014312433065193744,0.41788745305637764,0.9723863843476445,1.5303572523423838,0,2,0.0,0.0,0.12638968094183647,-1.0049232087240583,0,,,,,,,0,0.0,0.0,,,1.48052630070074,-6.416185692002483,-4.935659391301743,-5.675922541652113,0.7158914978456613,2,Ti,Se,
HgCl2,3,-6.346388659470982,164,1,72,0,0,2.9192085771686687,2.8755591406747016,2.5064549414305618e-11,-5.147476685157754e-16,0,1.4918453639020883,1.4918453639020899,0.31160756774577403,,,,,,,0.583040537649483,1.2821551468025418,0,2,0.0,0.0,0.02636999688974691,-0.6302658687821138,0,,,,,,,0,0.0,0.0,,,4.617890673744072,-9.18781029530476,-4.569919621560688,-6.878864958430361,1.5646959505328915,2,Hg,Cl,
HgCl2,3,-6.033752951116455,187,0,78,1,0,3.3146326911911146,3.142428896788891,9.694499497896565e-13,-1.0217040255439858,0,1.723416916519835,1.7234169165198343,0.35012167522614723,,,,,,,0.4865309672577133,7.102533863470958,0,2,0.0,0.0,0.13058189967458933,-0.5260539659972713,0,,,,,,,0,0.0,0.0,,,4.190086686210705,-9.439459784197869,-5.249373097987162,-6.296894769538499,1.4637453688397395,2,Hg,Cl,
MoS2,3,-22.121104868435815,187,0,78,1,0,3.12711264635152,4.530735699811391,1.1033907114109559e-11,-8.487811379361733e-15,1,6.192093166810009,6.19209316681001,0.37390231635713794,0.09597286990874913,6.288066036718758,0.09617087607081891,6.288264042880829,0.0005342665576929332,0.3744365829148309,0.42699822770383555,0.5298805588265798,0,2,0.0,0.0,0.0,-0.920927544752896,0,,,,,,,0,0.0,0.0,,,2.5329069544399143,-5.960930012541464,-3.42802305810155,-4.694476535321507,0.5467357996085316,2,Mo,S,
WS2,3,-22.261998009484405,187,0,78,1,0,3.14559487597237,4.644735994371812,-7.390904355928587e-11,7.338510366212802e-16,1,5.577107632296424,5.57710763229642,0.37328122126390256,0.026919404184993986,5.604027036481418,0.02690154179600428,5.6040091740924245,0.00023771712510243565,0.373518938389005,0.37346221349783704,0.6559746562915167,0,2,0.0,0.0,0.0,-0.8735485740690395,0,,,,,,,0,0.0,0.0,,,2.53240643565734,-6.018196680407694,-3.485790244750354,-4.751993462579024,0.5160731077877536,2,W,S,
ScO2,3,-22.190280323323105,187,0,78,1,0,2.070793893537431,2.709802340874761,4.756792022820493e-07,-8.826927793288955e-15,1,1.0256873695089332,1.0256873695089337,0.23197705373118135,1.6055121103626762,2.6311994798716096,1.5961227687212738,2.6218101382302077,0.02723767154499982,0.25921472527618117,3.046859111105969,9.439262073983093,1,1,0.0010960523582070891,0.0010986700544890482,0.5858755847055205,-2.427331494927273,0,,14.67128133958795,-0.004285946488380432,0.0,0.5,1.0,0,0.0,0.0,,,4.420820561387706,-9.130061297375683,-4.7092407359879775,-6.91965101668183,3.8098657562152636,2,Sc,O,
TiBr2,3,-13.293868089945583,187,0,78,1,0,3.387706917308005,3.6645160019473444,-1.6901181941389224e-10,-3.5038005125876813e-15,1,7.814188789151948,7.814188789151951,0.3850877997275552,0.02119575824712814,7.835384547399076,0.021162132490593732,7.8353509216425445,0.006859337777480809,0.391947137505036,1.678674745914892,0.5881358466263674,0,2,0.0,0.0,0.03321392080410016,-1.14498967080566,0,,,,,,,0,0.0,0.0,,,1.4211583470202078,-3.8015672652309735,-2.3804089182107657,-3.0909880917208694,0.5913565125546694,2,Ti,Br,
SnSe2,3,-12.064124266519803,164,1,72,0,0,3.1858620391484713,3.6310476254814734,-3.9095469804384533e-14,-2.8757665412334314e-15,1,4.615334773911817,4.615334773911819,0.40568882080741264,5.021114788969605,9.636449562881422,4.9553882960063085,9.570723069918127,0.012224215044097684,0.41791303585151035,0.4020372065809728,0.4885255177729326,0,2,0.0,0.0,0.0,-0.3474164432017138,0,,,,,,,0,0.0,0.0,,,1.9121600644033614,-6.883779353499887,-4.971619289096525,-5.927699321298206,0.7120750058207397,2,Sn,Se,
SnI2,3,-8.628797867752295,164,1,72,0,0,3.6917242316065852,3.1167982459830057,3.573116005921537e-15,-2.0177360416742475e-14,1,3.030631342772338,3.030631342772343,0.4307141920680316,16.09581502887633,19.12644637164867,16.128476024653327,19.15910736742567,0.0377511568743309,0.46846534894236247,0.2866341237161439,1.3446347586536247,0,2,0.0,0.0,0.0,-0.5385597834763249,0,,,,,,,0,0.0,0.0,,,3.3117158184424627,-7.0125019575947745,-3.700786139152312,-5.356644048373543,0.9460799691434492,2,Sn,I,
SnI2,3,-8.373913251883346,187,0,78,1,0,4.027709593161607,3.3242022657486756,1.826996884817506e-14,-2.0032011597551563e-14,1,2.9894372486069525,2.98943724860695,0.4661243842219915,8.305041280037305,11.294478528644257,8.33591678920433,11.32535403781128,0.0477666122573071,0.5138909964792986,0.8266069624914044,0.6253663748947924,0,2,0.0,0.0,0.0849615386229831,-0.4535982448533418,0,,,,,,,0,0.0,0.0,,,3.3321195565566994,-6.980530592533839,-3.6484110359771393,-4.760486942879616,1.160876062705412,2,Sn,I,
PtO2,3,-18.250458208318328,164,1,72,0,0,1.88583555490694,3.19144287845912,-4.834834525381116e-10,-1.5587589250030437e-14,1,2.8032005437042735,2.803200543704267,0.22856830488071697,1.036788548088083,3.8399890917923565,1.0360643604829225,3.839264904187189,0.005680489734123092,0.23424879461484005,2.1824617342591783,8.206436349775904,0,2,0.0,0.0,0.005568644534975038,-0.5492785540801558,0,,,,,,,0,0.0,0.0,,,3.5927850378282535,-7.726588758703893,-4.1338037208756395,-5.930196239789766,1.503081547805778,2,Pt,O,
GeO2,3,-19.4735315655112,164,1,72,0,0,1.958881567896654,3.435560211960609,-8.60981702968695e-15,-6.6586348143723545e-15,1,1.124427855852898,1.1244278558528986,0.22062862842402392,2.7596867193334065,3.884114575186304,2.879739047433355,4.0041669032862535,0.0427032315391381,0.263331859963162,0.3577923679839535,3.0872258993022372,0,2,0.0,0.0,0.07845125804849218,-1.5697177500420274,0,,,,,,,0,0.0,0.0,,,7.022581804967274,-10.868454945432404,-3.845873140465131,-7.357164042948768,1.971548231123073,2,Ge,O,
GeO2,3,-17.792943107639303,187,0,78,1,0,2.3210324364214117,3.742212793054229,-2.2882011424918762e-14,-3.16240999562539,0,1.5596430390615952,1.5596430390615963,0.25242091236344516,,,,,,,0.3087368954623208,5.960049270717853,0,2,0.0,0.0,0.6386474106724572,-1.0095215974180622,0,,,,,,,0,0.0,0.0,,,5.107675808713552,-10.898155464640597,-5.7904796559270455,-7.493038258793674,1.9655272947349731,2,Ge,O,
ZrI2,3,-13.00432362506771,187,0,78,1,0,3.8782904725522265,4.204095850476547,-4.655682771230226e-11,-4.138761165189164e-15,1,7.219624854206372,7.219624854206365,0.4601576877051983,1.9469373265277575e-06,7.219626801143699,6.365907083318024e-07,7.219625490797073,0.0021808995825079508,0.46233858728770627,0.8075815688587142,0.325753164013512,0,2,0.0,0.0,0.02948039412916792,-0.8814976344423903,0,,,,,,,0,0.0,0.0,,,1.4278630958851566,-3.7078589296881583,-2.2799958338030013,-3.0595526200979766,0.6442942804693391,2,Zr,I,
SrBr2,3,-10.942559629385824,187,0,78,1,0,3.605633198978751,2.9154980278958913,2.7186810867526843e-14,-1.5539133562860745e-14,1,0.9392698544643907,0.9392698544643928,0.34075987864461355,1.6035352282791844,2.542805082743575,1.6034932525814336,2.5427631070458263,0.09294473099478358,0.4337046096393971,0.422880052881843,8.34417811948498,0,2,0.0,0.0,0.1396439247801536,-2.033058699155753,0,,,,,,,0,0.0,0.0,,,7.481589820473397,-9.93203274435024,-2.4504429238768424,-3.4759525124818706,2.207710218932574,2,Sr,Br,
SrBr2,3,-11.309566120063234,164,1,72,0,0,3.131447037588771,2.614135098553001,2.0320483996382577e-14,-2.036169858973192e-14,1,0.8692300881405972,0.8692300881405972,0.3012806741977354,1.6476224900084697,2.516852578149067,1.6471416303694928,2.51637171851009,0.09350059408360396,0.39478126828133936,0.4026537074050228,24.40161699157545,0,2,0.0,0.0,0.01730842788768368,-2.155394196048223,0,,,,,,,0,0.0,0.0,,,8.308701112330754,-9.905753598461931,-1.5970524861311772,-5.751403042296554,1.6561216873819262,2,Sr,Br,
PdSe2,3,-11.579910747230102,164,1,72,0,0,2.6261168079604875,3.523316963284838,2.167762296212163e-09,-2.206651429083318e-15,1,10.799209702920122,10.799209702920116,0.387385911737054,0.7172923747402524,11.516502077660373,0.7216850520703182,11.520894754990435,1.2147673041267794e-06,0.38738712650435814,0.2647081336974254,0.7087034286016791,0,2,0.0,0.0,0.025946697146483972,-0.26475788320032834,0,,,,,,,0,0.0,0.0,,,1.614912444190729,-5.999824305455475,-4.384911861264746,-5.192368083360111,0.39753628365212884,2,Pd,Se,
ZrBr2,3,-14.590325573316,187,0,78,1,0,3.6523848530272502,3.8685777341697216,8.296513921495208e-11,-3.816864263418006e-15,1,5.871087788266393,5.871087788266395,0.40342427593556723,0.1113385767067245,5.982426364973117,0.11047129222781371,5.981559080494209,0.006927029151721718,0.41035130508728895,0.8899701331116129,0.41109447987347075,0,2,0.0,0.0,0.00013837169266217586,-1.3393983584588014,0,,,,,,,0,0.0,0.0,,,1.7369705379957243,-4.043183680716084,-2.3062131427203596,-3.2457414503991795,0.8274188362337275,2,Zr,Br,
PbO2,3,-16.417783355693814,164,1,72,0,0,2.117238312289359,3.1696413007352424,-3.399278790390157e-14,-5.292369051880635e-15,1,1.9517938312508287,1.9517938312508276,0.23844084559722212,3.38846930127178,5.340263132522609,3.5020875238429543,5.453881355093782,0.04124044067523969,0.2796812862724618,0.4630539207618192,13.42432270908139,0,2,0.0,0.0,0.09435902876056564,-0.8035466170444773,0,,,,,,,0,0.0,0.0,,,2.994523412300276,-9.240649673427448,-6.2461262611271735,-7.743387967277311,1.1942658445033283,2,Pb,O,
TiCl2,3,-14.870900157417552,187,0,78,1,0,3.1717191271673704,3.7483475011883467,-4.45337486270682e-08,-1.6728969493398535e-14,1,6.559651967334227,6.559651967334227,0.3418357565781361,0.07599234678183628,6.635644314116063,0.07641297856999629,6.636064945904223,0.009521176088449056,0.35135693266658513,1.991934466611133,0.6102887354225364,0,2,0.0,0.0,0.006991561621454719,-1.5369877423225553,0,,,,,,,0,0.0,0.0,,,1.6364286912586663,-4.250054859750134,-2.613626168491467,-3.4866470483264913,0.8258007325827961,2,Ti,Cl,
TiS2,3,-18.339142142683514,187,0,78,1,0,3.020062221279696,3.8981069388559506,-3.4905032669585777e-10,-0.49084983478025895,0,5.098616873293955,5.098616873293951,0.36638927140424565,,,,,,,1.3209882553144543,1.3296013616506033,0,2,0.0,0.0,0.14464032229737475,-1.1644198134541348,0,,,,,,,0,0.0,0.0,,,2.207554722720058,-7.487918071190295,-5.280363348470237,-6.4870821941226176,0.9768689885650591,2,Ti,S,
RuCl2,3,-13.934755731700154,164,1,72,0,0,2.4547522887126316,3.348236052425009,-1.4050361278838138e-09,-4.336777898799457e-15,1,3.1719756622068003,3.171975662206799,0.2934244392314447,0.25903185712257226,3.4310075193293725,0.2573606395449116,3.4293363017517104,0.005712471840821112,0.2991369110722658,1.045556966365918,5.1741610183811995,0,2,0.0,0.0,0.20591233013779942,-0.3004525124281538,0,,,,,,,0,0.0,0.0,,,2.6243681000673487,-5.2211756033924255,-2.596807503325077,-3.9089915533584154,1.6634770464391044,2,Ru,Cl,
RuCl2,3,-12.858799906261643,187,0,78,1,0,3.296701373154278,3.6393436894713993,-7.076690373470773e-07,-1.701807602041831e-14,1,4.806446449455652,4.806446449455654,0.3526934600155929,0.2101406441872441,5.016587093642896,0.21141496131468576,5.01786141077034,0.0133156617852106,0.36600912180080347,0.7718926849056225,3.906380814159525,1,2,-3.326987776176793,-3.3301044148856818,0.5645642719506364,0.05819942938468318,0,,18.12421027587874,-0.16747712804487946,1.7716342458887386,2.0,6.0,1,0.0,0.0,,,1.2912346773743393,-5.936600967509562,-4.645366290135223,-5.290983628822392,0.40732228901299883,2,Ru,Cl,
Br2Ge,3,-9.172591589979179,187,0,78,1,0,3.524957668775013,3.0686234157134527,-5.3304529247305404e-14,-0.6797854769243707,0,2.440159897764316,2.4401598977643144,0.3989685138114854,,,,,,,1.1852127219263824,0.776397306244164,0,2,0.0,0.0,0.11179885522418036,-0.4958631203922434,0,,,,,,,0,0.0,0.0,,,4.28796695559951,-7.948260808894562,-3.6602938532950535,-4.782285410326843,1.4554347859187624,2,Br,Ge,
Br2Ge,3,-9.50798815565172,164,1,72,0,0,3.2108596945146104,2.8759744482591874,4.0017055153238625e-14,-0.07581171723003371,0,2.485282788136099,2.4852827881361,0.3672304682677196,,,,,,,0.3110642135545809,1.242392927893082,0,2,0.0,0.0,0.0,-0.6076619756164238,0,,,,,,,0,0.0,0.0,,,4.130437883245604,-7.869113008590019,-3.7386751253444146,-4.760618417311354,1.3380959779071073,2,Br,Ge,
HfO2,3,-25.996743806283995,187,0,78,1,0,2.336571583601394,3.674479011060453,-7.267513381840788e-12,-4.1421269979876945,0,1.3553228559030974,1.3553228559030976,0.23186133753726612,,,,,,,1.539999550570872,4.420823710233763,0,2,0.0,0.0,0.7696147621530187,-2.747372035827334,0,,,,,,,0,0.0,0.0,,,4.700114096486321,-9.783906137642983,-5.083792041156661,-7.433849089399521,2.1981836835858464,2,Hf,O,
HfO2,3,-27.66440891469683,164,1,72,0,0,1.9448591834669173,3.230656878834379,-4.8456271549160564e-14,-4.140707558175973e-15,1,1.1975699507272044,1.1975699507272037,0.20911184662079266,7.049172749486347,8.246742700213552,7.010001754571548,8.207571705298752,0.07244378190381044,0.2815556285246031,1.7128384846710238,1.8273538210059816,0,2,0.0,0.0,0.21372639268207413,-3.3032604052982784,0,,,,,,,0,0.0,0.0,,,7.938611213451889,-9.6194702228107,-1.6808590093588112,-5.650164616084755,2.1639527942423005,2,Hf,O,
MoTe2,3,-18.51337752553299,187,0,78,1,0,3.610199999999999,4.754314333784807,-3.266615155484621e-14,2.5924296586317076e-15,1,9.468330635573816,9.468330635573825,0.46700584531721523,1.032273439662999,10.500604075236815,1.035044950538576,10.503375586112401,0.003509653058365255,0.4705154983755805,0.4720107813973335,0.5794869918760435,0,2,0.0,0.0,7.401486830834377e-17,-0.3005233594690064,0,,,,,,,0,0.0,0.0,,,1.5626285814924223,-4.719767459126061,-3.1571388776336384,-3.9384531683798496,0.4550100661227572,2,Mo,Te,
ZrSe2,3,-18.470336634042514,164,1,72,0,0,3.1612106102641775,3.81934088950746,4.760918235733672e-14,-7.66445935073825e-14,1,6.558340890361878,6.55834089036188,0.3845394780347303,31.216543281281727,37.774884171643606,31.251367825284706,37.809708715646586,0.01846670077152209,0.4030061788062524,0.6115361673788087,0.19765485648017606,0,2,0.0,0.0,0.0,-1.3672498309035443,0,,,,,,,0,0.0,0.0,,,1.69120135549301,-6.310489008648394,-4.619287653155383,-5.464888330901888,0.3813052403153976,2,Zr,Se,
ZrSe2,3,-18.038214523460404,187,0,78,1,0,3.3731489229096248,4.022589087646057,-5.3798802606036594e-14,-0.2535811656027932,0,4.843985396250304,4.843985396250302,0.40812532279515096,,,,,,,0.9311234152211327,0.9981212607088863,0,2,0.0,0.0,0.14404070352737008,-1.2232091273761743,0,,,,,,,0,0.0,0.0,,,2.182697769346658,-7.239333072952976,-5.056635303606319,-6.172338895006853,0.9193978986442418,2,Zr,Se,
HfBr2,3,-14.145216237427833,187,0,78,1,0,3.6973960898101064,3.985772779543784,1.1701044934609577e-08,-4.009373781942416e-15,1,5.194538761066577,5.194538761066575,0.40416044550943553,0.26409745997829304,5.458636221044871,0.2637648407832293,5.458303601849804,0.007316915623109532,0.41147736113254507,0.7137049570562735,0.34997981303574577,0,2,0.0,0.0,0.006619349294049688,-1.156654875069502,0,,,,,,,0,0.0,0.0,,,1.7592052825955982,-3.983873156609627,-2.224667874014029,-3.162904291428587,0.8083211625734403,2,Hf,Br,
VSe2,3,-17.6144491276158,187,0,78,1,0,3.2037124858912964,4.135278102955249,4.2243559448383145e-10,-1.6374225451416774e-14,1,9.420919424972201,9.420919424972208,0.4021265285038645,0.10813777243824295,9.529057197410443,0.10826182021485334,9.529181245187061,0.000731512411035028,0.4028580409148995,0.8619358670680588,0.8663033274165913,1,0,0.6059959394519865,0.6059585973616777,0.0,-0.7082671161326175,0,,78.6120068860896,-0.44740215832916874,0.0,0.5,6.0,1,0.0,0.0,,,0.1791147809613659,-5.026348260851145,-4.847233479889779,-4.936790870370462,0.48367360523547864,2,V,Se,
NiCl2,3,-12.73904532485231,164,1,72,0,0,2.6170796773319456,3.0939309037423306,-3.650535636160523e-09,-2.138249614348359e-15,1,1.8319880969792266,1.8319880969792268,0.3022055700362221,1.0799091200057904,2.9118972169850172,1.0780787071047668,2.9100668040839937,0.019998024494428876,0.322203594530651,1.402460013870231,2.228545249562243,1,0,0.004880338451584976,0.0014975476005929522,0.0,-0.6405427855077009,0,,7.146044732309065,0.00041547178852852085,-0.008088884555945697,1.0,6.0,0,0.0,0.0,,,3.4131438078128324,-7.085803740344892,-3.67265993253206,-5.379231836438477,3.3499877750141724,2,Ni,Cl,
CaI2,3,-9.644800079601662,187,0,78,1,0,3.8981446580646484,3.283825037509801,-3.578733133867799e-14,-7.136320888649625e-15,1,1.4338127230118676,1.433812723011868,0.4143378881430952,2.052430484878151,3.486243207890019,1.838760380425842,3.27257310343771,0.0656873616700072,0.4800252498131024,0.9768546464791908,0.7057954896972604,0,2,0.0,0.0,0.10755473138567062,-1.558675600432837,0,,,,,,,0,0.0,0.0,,,5.912491452074731,-8.087495299235108,-2.1750038471603776,-5.131249573197743,1.5930196568848143,2,Ca,I,
CaI2,3,-9.967464273758674,164,1,72,0,0,3.5373538193965857,3.062119036445779,6.05934954246432e-14,-1.3881578515619733e-14,1,1.3463198653421782,1.3463198653421786,0.3807672954227592,1.8626519627090143,3.2089718280511925,1.861659275560646,3.2079791409028244,0.05672726627831302,0.43749456170107226,0.7407000490518846,0.5721286862487002,0,2,0.0,0.0,0.0,-1.6662303318185077,0,,,,,,,0,0.0,0.0,,,6.919677265299226,-8.215175182680682,-1.295497917381455,-4.7553365500310685,1.5138544926415007,2,Ca,I,
MoO2,3,-27.388485119966422,187,0,78,1,0,2.4500007167386437,4.1282673915061325,-1.6793185867426306e-14,-1.2116624723487126e-14,1,4.012267913009548,4.012267913009545,0.24705858632845595,0.7869290174297187,4.799196930439267,0.7949224178749574,4.807190330884502,0.00870145744713492,0.25576004377559086,0.41889813567489875,0.7634431054139431,0,2,0.0,0.0,0.0280620116981171,-1.979256807999711,0,,,,,,,0,0.0,0.0,,,2.3167587021309046,-6.913336824298944,-4.596578122168039,-5.754957473233492,0.7876720183393643,2,Mo,O,
CrTe2,3,-16.13552849577259,187,0,78,1,0,3.412472625592965,4.546726462424041,-3.375663682842966e-14,-8.859231675622059e-17,1,13.545574018791056,13.545574018791067,0.8760686794239005,2.252299220670896,15.797873239461952,2.239896060548278,15.785470079339344,0.003748230895218481,0.879816910319119,0.8162927889884763,0.8193571394355534,0,2,0.0,0.0,0.10821444862946805,-0.10577622133741234,0,,,,,,,1,0.0,0.0,,,0.8119657799799282,-4.966485168830747,-4.154519388850819,-4.560502278840783,0.4326867465139504,2,Cr,Te,
ZnCl2,3,-8.074874274008195,164,1,72,0,0,2.7349339771642533,2.983861208173748,2.892568179283205e-14,-2.1675119489094314e-15,1,1.1897200107997092,1.189720010799709,0.30226855856075235,4.0767853250949715,5.2665053358946805,4.350452255421002,5.540172266220711,0.05798623689416364,0.360254795454916,0.4493126609189777,1.3060369148986821,0,2,0.0,0.0,0.06212212896423767,-1.1068752150037147,0,,,,,,,0,0.0,0.0,,,7.4390165867781155,-9.927714597232486,-2.4886980104543706,-6.208206303842477,1.9914212489429408,2,Zn,Cl,
ZnCl2,3,-7.553282042007209,187,0,78,1,0,3.0603300123693593,3.183601245651417,5.630716772351469e-14,-1.4677862911531632,0,1.317670122682806,1.3176701226828054,0.3320377659256628,,,,,,,0.4177039178872653,0.9777443525206071,0,2,0.0,0.0,0.23598620629789982,-0.9330111376700524,0,,,,,,,0,0.0,0.0,,,6.241470394868928,-9.656074013308498,-3.4146036184395703,-6.535338815870841,1.635031113702478,2,Zn,Cl,
VBr2,3,-14.283001674904968,164,1,72,0,0,2.897110944405462,3.0616909722850476,-1.1679204783750702e-10,-1.0611070539005294e-15,1,1.843840208363743,1.8438402083637437,0.3306448921098356,0.7351766436649918,2.579016852028735,0.7330261840403468,2.5768663924040904,0.021125135333577492,0.3517700274434131,1.0636242542738041,7.624476034829078,1,2,-0.04164120531413573,-0.041652805407466076,0.0,-0.8632701796931025,0,,-3.094029863537647,-0.001798761275040306,0.03814070442823928,1.5,6.0,0,0.0,0.0,,,3.34975515620883,-5.023279234854887,-1.673524078646057,-3.3484016567504717,3.292321500130188,2,V,Br,
HgI2,3,-4.345323459867086,187,0,78,1,0,3.8356209996803123,3.40358138345678,-7.664081123131386e-11,-1.5557780951183309,0,3.3487220973379017,3.3487220973378986,0.4577567154627968,,,,,,,0.5435520891942334,0.5608995539972289,0,2,0.0,0.0,0.18887672842878947,-0.16769001195426161,0,,,,,,,0,0.0,0.0,,,2.0690406935511327,-6.755105458208744,-4.686064764657612,-5.761854366984711,0.7962124199020479,2,Hg,I,
HgI2,3,-4.682051958134295,164,1,72,0,0,3.4865010318196283,3.2399889209176935,-1.0984702234497886e-13,-6.469330977344118e-16,0,2.8908657118417618,2.8908657118417587,0.4235827553339901,,,,,,,0.6073921329696201,0.47310902104248426,0,2,0.0,0.0,0.07663389567305323,-0.27993284470999785,0,,,,,,,0,0.0,0.0,,,2.594309333100913,-6.8910367825306125,-4.2967274494296985,-5.892458501369807,0.980271607924943,2,Hg,I,
CrSe2,3,-17.831885712091196,187,0,78,1,0,3.1475288854098444,4.362739493733104,-1.2587294417871957e-14,-1.655102871652241e-14,1,10.308959783810236,10.308959783810222,0.8814068465535241,1.1197488620832599,11.428708645893495,1.1259636576848435,11.434923441495066,0.001834429565346667,0.8832412761188707,0.9167889980150804,0.9495630419983169,0,2,0.0,0.0,0.0,-0.48589935822663693,0,,,,,,,1,0.0,0.0,,,1.1650582430938503,-5.49992335416944,-4.33486511107559,-4.917394232622515,0.4794701330539083,2,Cr,Se,
CrO2,3,-24.735418404452297,187,0,78,1,0,2.33687946384018,3.747923648644934,2.4375932368098714e-14,-3.933202006729811e-14,1,5.946367867929204,5.946367867929204,0.9671112276603899,0.1308856133002804,6.077253481229484,0.13062568664645902,6.076993554575663,0.002505323187344031,0.9696165508477339,0.8704369757926813,1.4206318308970187,0,2,0.0,0.0,0.16837984535271863,-1.6927704412835425,0,,,,,,,0,0.0,0.0,,,1.2304957578581073,-7.824069074837006,-6.593573316978899,-7.2088211959079525,0.7756154947109049,2,Cr,O,
NiO2,3,-19.622281704409026,164,1,72,0,0,1.8988213074822156,2.95021924646025,-8.387257593256185e-10,-7.573290545544511e-15,1,4.467333214804636,4.467333214804636,0.24839139490744502,1.2314391029147767,5.698772317719413,1.2332909140127362,5.700624128817372,0.003710113769207819,0.2521015086766528,0.9478327453989495,13.57758086966933,0,2,0.0,0.0,0.0,-0.7088421674728119,0,,,,,,,0,0.0,0.0,,,2.3464667865218782,-8.200599770901498,-5.854132984379619,-7.027366377640558,1.2121363390942694,2,Ni,O,
SnCl2,3,-10.309987322794864,187,0,78,1,0,3.3891882123665305,2.97744725221827,-1.6121049827771746e-14,-0.4254462736156203,0,1.6638654408777325,1.6638654408777314,0.34809773163010715,,,,,,,1.5295060207328068,2.962230394487554,0,2,0.0,0.0,0.11743464295073795,-0.8945103921170681,0,,,,,,,0,0.0,0.0,,,4.772338328674088,-8.694262569610554,-3.921924240936467,-6.785327238137698,1.878997683341349,2,Sn,Cl,
SnCl2,3,-10.598544111623056,164,1,72,0,0,2.989438246665344,2.69593535356724,-1.6161666361420501e-15,-0.6326514414531651,0,1.5975726730510933,1.5975726730510953,0.3101180690605944,,,,,,,0.4614937771752757,1.6994333174216634,0,2,0.0,0.0,0.021249046674673977,-0.990695988393132,0,,,,,,,0,0.0,0.0,,,4.552791809629908,-8.344806052490203,-3.7920142428602945,-5.309611512735119,1.9230967134216193,2,Sn,Cl,
PtTe2,3,-13.94042459045893,164,1,72,0,0,2.7744284581505383,3.8304067426979165,3.0110356085188273e-11,8.463575513476908e-16,1,10.57463339115318,10.574633391153188,0.4281891075669369,0.1834471443371502,10.758080535490329,0.18198579590196934,10.756619187055158,0.0005856168666333613,0.4287747244335703,0.2104376542578065,0.3884961822101086,0,2,0.0,0.0,0.027408197527063177,-0.3922364310741286,0,,,,,,,0,0.0,0.0,,,1.242498167927923,-4.897446268266,-3.654948100338077,-4.276197184302038,0.3474546789865768,2,Pt,Te,
PtS2,3,-15.693657685991008,164,1,72,0,0,2.4640547390009395,3.656487888467909,-3.083080565166313e-11,-1.8410107959900963e-15,1,5.334844053779528,5.334844053779534,0.3522523994309189,0.5110080851886185,5.845852138968146,0.51159908612644,5.846443139905974,3.973655116764341e-07,0.35225279679643057,0.2666968063098726,1.0675642474089873,0,2,0.0,0.0,0.0,-0.39447586723443706,0,,,,,,,0,0.0,0.0,,,2.9450723931526674,-6.969176438452427,-4.02410404529976,-5.496640241876094,0.7138702081813062,2,Pt,S,
SrI2,3,-9.569454075859724,187,0,78,1,0,4.005770021358156,3.2029548111620407,-6.8286549552471116e-15,-2.843212864854583e-14,1,1.2603857506667695,1.260385750666768,0.40579757609502726,1.6636541260559847,2.9240398767227544,1.6633965924189869,2.9237823430857546,0.07635163648108462,0.4821492125761119,1.149729992218148,1.318691590307463,0,2,0.0,0.0,0.09628115495084859,-1.6461234400467386,0,,,,,,,0,0.0,0.0,,,6.197786550948727,-8.511367044901068,-2.3135804939523408,-5.412473769426705,1.6911186722492362,2,Sr,I,
MnBr2,3,-15.233449289623012,164,1,72,0,0,3.0207441669307196,2.965267344492721,8.948547890818404e-10,-6.305355785514732e-16,1,1.55500108352541,1.5550010835254078,0.3399142588467246,,,,,,,1.70607962792843,0.7585856446377784,1,2,-0.05621936850275233,-0.05622249329917395,0.0,-0.7825214242612434,0,,-0.5664307086408371,0.00122923487197113,0.006086457636911291,2.5,6.0,0,0.0,0.0,,,3.7969124958049347,-6.1202918416376315,-2.323379345832697,-4.221835593735165,0.10912826617918747,2,Mn,Br,
OsBr2,3,-13.297949896169285,164,1,72,0,0,2.5254900989555935,3.3888247881060956,2.130462880427035e-13,-3.528957696202145e-15,1,3.701061308117669,3.701061308117669,0.3248177388099032,,,,,,,0.7383587932277864,2.013291772274413,0,2,0.0,0.0,0.402396318972025,0.35400055565539645,0,,,,,,,0,0.0,0.0,,,2.463474323702265,-4.822618858283237,-2.3591445345809716,-3.590881696431999,1.234527048237509,2,Os,Br,
ScS2,3,-16.518109451217796,187,0,78,1,0,2.7199717563069283,3.097474017609285,-5.377931080854638e-14,-7.488611320905003e-16,1,2.0494310797010793,2.0494310797010766,0.3392338630235552,1.2494412935765085,3.2988723732775878,1.2365233604454349,3.2859544401465115,0.008069757790997107,0.3473036208145523,4.171626659657784,4.640520047013173,1,0,0.007492500685657433,0.007484041873340175,0.39479976625190805,-1.2340720248222243,0,,13.239482206927278,-0.02991192150147981,0.0,0.5,1.0,0,0.0,0.0,,,2.7440135099904737,-7.393168930986118,-4.649155420995645,-6.021162175990881,1.316309395958956,2,Sc,S,
ZrS2,3,-19.746170899355782,187,0,78,1,0,3.140148208510219,3.9508189684654074,-8.098324337756431e-15,-0.8047767743988529,0,3.52662197670296,3.526621976702961,0.3706959482958897,,,,,,,1.6507613790291642,1.3396257733746633,0,2,0.0,0.0,0.18980588428956344,-1.3956855922078937,0,,,,,,,0,0.0,0.0,,,2.7481239742117243,-8.038530515286809,-5.290406541075083,-6.664468528180828,1.1842085783627776,2,Zr,S,
ZrS2,3,-20.315588552224472,164,1,72,0,0,2.8917648854881888,3.699746225601272,1.8729580981945235e-14,-4.518192184581376e-14,1,4.206560668398158,4.206560668398158,0.3445694021641783,19.209150172183538,23.415710840581696,18.020550630944953,22.22711129934311,0.025329857623373208,0.3698992597875515,0.7554551030670235,0.33969041750544626,0,2,0.0,0.0,0.0,-1.585491476497457,0,,,,,,,0,0.0,0.0,,,2.8850604558188024,-7.500882046487135,-4.6158215906683315,-6.058351818577734,0.6332732665733525,2,Zr,S,
WSe2,3,-20.23394890963929,187,0,78,1,0,3.3585528043928186,4.6892758665532925,7.96146364817403e-11,-3.512239176863594e-15,1,6.590044311772052,6.590044311772048,0.41156286147966037,0.13161260525085988,6.721656917022912,0.13175035872185842,6.721794670493907,0.0007755009565511961,0.4123383624362116,0.3526484956268399,0.39679317981721296,0,2,0.0,0.0,0.0,-0.5943745345874092,0,,,,,,,0,0.0,0.0,,,2.1039151217748224,-5.316071917472674,-3.212156795697851,-4.264114356585262,0.48001199602049094,2,W,Se,
SrCl2,3,-12.648658902776226,164,1,72,0,0,2.792633648140498,2.5418928335141047,3.764283333468197e-14,-1.9661593625320373e-15,1,0.675421081031886,0.6754210810318856,0.25377339055104603,1.5527964458337777,2.228217526865664,1.5523878474770016,2.227808928508887,0.11746858768890775,0.37124197823995375,0.493932009469932,5.57345813848311,0,2,0.0,0.0,0.046028953042991226,-2.4680791726454596,0,,,,,,,0,0.0,0.0,,,9.501762974783915,-10.694938712371158,-1.1931757375872416,-2.224081384275318,2.056515967225287,2,Sr,Cl,
SrCl2,3,-12.203787451571053,187,0,78,1,0,3.311951476038967,2.9057519364123188,6.432044252367608e-14,-5.52169397686249e-15,1,0.7377972555921594,0.7377972555921597,0.2927355674521839,1.543540784356393,2.2813380399485523,1.5433851161365302,2.28118237172869,0.11162087672015383,0.40435644417233774,0.5356521807171432,13.900722451987493,0,2,0.0,0.0,0.1943194367780491,-2.3197886889104016,0,,,,,,,0,0.0,0.0,,,8.482870719485607,-10.75750693730759,-2.274636217821981,-6.516071577564785,2.6312411642396625,2,Sr,Cl,
BaCl2,3,-12.906744953192916,164,1,72,0,0,2.769100799288978,2.5969257646555195,4.709456846404181e-14,-5.670592626054303e-15,1,0.7051914164549082,0.7051914164549086,0.24865846787525767,2.141434478254306,2.8466258947092147,1.6461762631037702,2.351367679558679,0.12342777746452298,0.37208624533978063,0.5601373949487546,5.281880770460337,0,2,0.0,0.0,0.10836629148267878,-2.5027429132366965,0,,,,,,,0,0.0,0.0,,,9.206941104853309,-10.32049721242386,-1.1135561075705505,-5.717026659997204,2.236185019624728,2,Ba,Cl,
BaCl2,3,-12.507484914955235,187,0,78,1,0,3.3838615675232617,3.014735217045253,-1.1482704557681493e-14,-2.9640662175363496e-14,1,0.7732808140793236,0.7732808140793229,0.2926683485777057,1.6915542745428513,2.464835088622175,1.691519874425351,2.464800688504674,0.13237776316406166,0.4250461117417673,11.033953375540825,13.360197896995208,0,2,0.0,0.0,0.24145297089523923,-2.369656233824136,0,,,,,,,0,0.0,0.0,,,8.184416082211353,-10.427154648995149,-2.242738566783796,-3.2723089079167074,2.5884825038701775,2,Ba,Cl,
HfSe2,3,-18.518857514424067,164,1,72,0,0,3.151778041556679,3.8675610905851654,-9.670397739618788e-13,-1.5872084035015166e-14,1,5.380590014553238,5.380590014553239,0.3748443208202123,22.092868223028866,27.473458237582104,21.570756729776395,26.951346744329634,0.016806219169942193,0.3916505399901545,0.612794667123515,0.19855216810995072,0,2,0.0,0.0,0.0,-1.3490497529374856,0,,,,,,,0,0.0,0.0,,,1.7875725260027142,-6.325118748782955,-4.537546222780241,-5.431332485781597,0.39851809134131555,2,Hf,Se,
HfSe2,3,-17.99813939565576,187,0,78,1,0,3.3650919482088693,4.080647830074838,-2.1490182364008678e-09,-4.276323873812792e-14,1,4.380249740776928,4.380249740776927,0.3975545718600775,3.288707257317103,7.66895699809403,3.288599229756365,7.668848970533292,0.019315061476733432,0.41686963333681093,0.7530014696974195,1.2733813666496905,0,2,0.0,0.0,0.17357270625610255,-1.175477046681383,0,,,,,,,0,0.0,0.0,,,2.1152631792209284,-7.221692184481245,-5.106429005260316,-6.164060594870781,0.9456229911395138,2,Hf,Se,
HfI2,3,-12.48573338194224,187,0,78,1,0,3.8953707810581477,4.318202056315344,5.22870110757748e-10,-2.0655177716210982e-16,1,6.784570034628314,6.78457003462832,0.46042395589037916,0.020106555559376564,6.80467659018769,0.020136168334025675,6.804706202962346,0.002238213343410448,0.4626621692337896,0.6151470409011206,0.2753840264490254,0,2,0.0,0.0,0.1142336876201447,-0.674260515307323,0,,,,,,,0,0.0,0.0,,,1.4208379914842508,-3.620659280651237,-2.1998212891669864,-2.910240284909112,0.5711563577104778,2,Hf,I,
RuI2,3,-12.309284067429923,164,1,72,0,0,2.810323343580386,3.7477735448659066,-1.444004252047979e-13,-8.370192880548261e-15,1,5.027978191815422,5.027978191815422,0.39251872164205054,0.0318241713347209,5.059802363150143,0.03161002123985033,5.059588213055273,0.00023010144065763373,0.3927488230827082,0.5192389938786256,4.160371714079122,0,2,0.0,0.0,0.10248746994570795,0.036925499288477326,0,,,,,,,0,0.0,0.0,,,1.9877434408213337,-4.620565257626956,-2.632821816805623,-3.6266935372162896,0.9936969146455907,2,Ru,I,
CdCl2,3,-7.8494209353682525,164,1,72,0,0,2.8757428332245674,2.935049452754829,-3.802384133147714e-14,-7.61216068286186e-14,1,1.1179559048123118,1.1179559048123127,0.2981959637671504,2.583571463897093,3.701527368709405,2.587728470123225,3.7056843749355375,0.06447021087429225,0.3626661746414427,0.48432325016251826,1.454266206736701,0,2,0.0,0.0,0.0,-1.1173092780686213,0,,,,,,,0,0.0,0.0,,,6.723265389571013,-10.036997961973416,-3.3137325724024036,-6.675365267184471,1.717623519474984,2,Cd,Cl,
CdCl2,3,-7.459995110938271,187,0,78,1,0,3.240213626212178,3.18912982509792,4.24131647818137e-14,-0.384839447588552,0,1.2521921430415326,1.2521921430415295,0.33182942733742976,,,,,,,0.4505502255255609,6.139962319309738,0,2,0.0,0.0,0.1298086081433271,-0.9875006699252943,0,,,,,,,0,0.0,0.0,,,5.816166608528933,-9.994601480769965,-4.178434872241031,-7.086518176501778,1.6175284181368814,2,Cd,Cl,
NiS2,3,-16.158384140980687,164,1,72,0,0,2.3508678564505123,3.4682403285034864,6.761238645465868e-11,-5.774190924445022e-15,1,10.609299653352467,10.609299653352451,0.3554219629061981,0.35628592733700015,10.965585580689467,0.35649014983120014,10.965789803183652,6.40368101775594e-05,0.3554859997163757,0.3256070997119076,0.8376176004077466,0,2,0.0,0.0,0.04895481153873982,-0.251673800260086,0,,,,,,,0,0.0,0.0,,,1.8677373886993,-6.5226320875233,-4.654894698824,-5.58876339317365,0.44963033464307967,2,Ni,S,
PdS2,3,-12.562925855899303,164,1,72,0,0,2.490143666809061,3.4887318117185657,2.623848846742535e-10,-1.099987692929666e-14,1,7.543545956031743,7.543545956031741,0.35677795078752683,0.8366883489915138,8.380234305023256,0.835931700935684,8.379477656967424,3.85331291259094e-05,0.3568164839166527,0.3445279042847811,2.6562169233709154,0,2,0.0,0.0,0.10090480926394936,-0.19558725895665555,0,,,,,,,0,0.0,0.0,,,2.440632536986956,-7.042620334263061,-4.601987797276105,-5.822304065769583,0.5929245311267205,2,Pd,S,
WO2,3,-27.784072955122458,187,0,78,1,0,2.4742741279763685,4.252346578619404,-8.053674094971772e-10,-3.762990211507605e-14,1,3.46850540581036,3.4685054058103604,0.24542099126954223,0.9585304051935227,4.427035811003883,0.9583943388118601,4.4268997446222205,0.01129533790575278,0.256716329175295,0.34763045524047065,0.76055126064497,0,2,0.0,0.0,0.0,-2.016776068685003,0,,,,,,,0,0.0,0.0,,,2.7062253623509047,-7.00447803515546,-4.298252672804555,-5.651365353980008,0.7484596555452544,2,W,O,
SnS2,3,-13.416990796698451,164,1,72,0,0,2.9551428055688476,3.612148869322035,-2.0543050517551865e-14,-1.6903874288352192e-15,1,3.1679523971916512,3.167952397191656,0.36657564752054766,4.365315073897293,7.533267471088944,4.167007149708676,7.334959546900332,0.01592653563266465,0.3825021831532123,0.44503946725372695,0.7506713513893793,0,2,0.0,0.0,0.0,-0.40152962612785653,0,,,,,,,0,0.0,0.0,,,3.150114472189574,-7.942172187986199,-4.792057715796625,-6.367114951891413,1.0101653823992132,2,Sn,S,
SnS2,3,-12.557525316341145,187,0,78,1,0,3.228362532809033,3.784200018124422,1.2983267219756138e-14,-1.651854676304907,0,3.5612016959013326,3.561201695901335,0.3941461171293249,,,,,,,0.4423446623469239,0.570555681941966,0,2,0.0,0.0,0.2864884934524354,-0.1150411326754212,0,,,,,,,0,0.0,0.0,,,2.288278398597215,-7.48694508184094,-5.198666683243725,-6.465022600103477,1.1413265975841274,2,Sn,S,
TiI2,3,-11.65523078519428,187,0,78,1,0,3.628731566140541,4.024475076396161,-4.042217120979669e-10,-1.6671873311915756e-15,1,10.0213876206127,10.021387620612684,0.44184850582391016,0.023785717709077878,10.045173338321778,0.02345636384086303,10.044843984453546,0.0025875645790305025,0.44443607040294064,1.2349946545388855,0.49189315234798303,0,2,0.0,0.0,0.05182139607533701,-0.6695438279549114,0,,,,,,,1,0.0,0.0,,,1.0904123643856931,-3.6065161215318615,-2.516103757146168,-3.124010029465698,0.4437227245396835,2,Ti,I,
CrS2,3,-19.58252659832295,187,0,78,1,0,2.948169139614529,4.297747686963447,-1.046174375507254e-14,-5.548824284315973e-15,1,8.561855322327691,8.561855322327682,0.9058653861097841,0.6606020961270431,9.222457418454734,0.6577600831441569,9.219615405471838,0.0013401106539520822,0.9072054967637362,0.8730715663870934,0.8840615427163928,0,2,0.0,0.0,0.0,-0.6726039931704809,0,,,,,,,0,0.0,0.0,,,1.448305808830788,-6.1668117463162035,-4.718505937485415,-5.442658841900809,0.5344543967754676,2,Cr,S,
CdI2,3,-5.297652007684622,187,0,78,1,0,3.787396198968832,3.4503800684049506,-4.969975562286378e-15,-0.912366745871318,0,2.36846971133007,2.3684697113300683,0.44187528487606564,,,,,,,0.5349669024710657,0.5128064216987547,0,2,0.0,0.0,0.158745425304217,-0.4711655118808575,0,,,,,,,0,0.0,0.0,,,3.3312992704170945,-7.0433501866596675,-3.7120509162425734,-6.010521834506508,0.8732183992564817,2,Cd,I,
CdI2,3,-5.683261004239259,164,1,72,0,0,3.4410328435558206,3.2847611841239432,4.367459897965438e-14,-2.0772996739812115e-15,1,2.1642221435795057,2.1642221435795066,0.40869464830285707,4.866488101442322,7.030710245021828,4.865985487915861,7.030207631495367,0.04833420425486383,0.4570288525577209,0.5424842689290402,0.4882684060121773,0,2,0.0,0.0,0.03020909311933817,-0.5997018440657363,0,,,,,,,0,0.0,0.0,,,4.036989615822087,-7.362845142564268,-3.325855526742181,-5.344350334653225,1.1349534718214251,2,Cd,I,
Cl2Ge,3,-10.10986294910365,187,0,78,1,0,3.277522838974954,3.0742842320563697,7.327673758795701e-14,-2.6861952364958537,0,1.8680836914583294,1.8680836914583316,0.35096157176083265,,,,,,,1.5197008860869081,1.1782932740226266,0,2,0.0,0.0,0.1175200707704196,-0.6746076224599733,0,,,,,,,0,0.0,0.0,,,4.929740585270976,-8.742281747906459,-3.812541162635482,-5.455788024390513,1.8315946179765934,2,Cl,Ge,
PbCl2,3,-10.548502808015668,187,0,78,1,0,3.4008056605625043,3.0227926140158488,-5.670120215979403e-14,-3.0233832747789764e-14,1,1.4572848211694265,1.4572848211694243,0.34061192195215645,5.744348390619978,7.201633211789404,5.752278746387839,7.209563567557264,0.07784177940742554,0.418453701359582,0.7358370579726858,3.020233424323803,0,2,0.0,0.0,0.10459017979578356,-1.0732325123722237,0,,,,,,,0,0.0,0.0,,,5.248894538369445,-9.399171045714048,-4.150276507344604,-5.899908020128452,1.8187599002623922,2,Pb,Cl,
PbCl2,3,-10.831768566844557,164,1,72,0,0,2.9774641164395668,2.7210877495384143,-5.715567214296242e-15,-2.4207255874150553e-14,1,1.408694981008188,1.4086949810081881,0.300810831524108,14.270905681458785,15.679600662466973,14.277583851283975,15.686278832292164,0.07858800308989237,0.37939883461400037,0.5330763992754144,1.8798377193369524,0,2,0.0,0.0,0.010168260186153688,-1.1676544319818536,0,,,,,,,0,0.0,0.0,,,4.927990627901179,-9.10838283769308,-4.180392209791901,-6.64438752374249,1.6321749711932594,2,Pb,Cl,
AsClS,3,-11.07898211629988,156,0,69,3,0,3.2807210000537363,3.514240541090807,0.0730368936151303,-0.475714987176744,0,4.301409816459654,4.301409816459654,0.385804711913222,,,,,,,1.0209059308624575,0.5600690407535899,0,2,0.0,0.0,0.21502408610500856,-0.18423715685166067,0,,,,,,,0,0.0,0.0,,,2.933123404986287,-7.704043300278635,-4.770919895292348,-5.848627079791164,1.00879241610943,3,As,Cl,S
AsClS,3,-11.582445765650519,156,0,69,3,0,3.0176842469080594,3.0733886890142124,0.04200070831439183,-1.0887557161122773e-13,1,4.3033891997000655,4.303389199700063,0.35951700863479413,29.46639081203683,33.7697800117369,29.482332378334576,33.78572157803464,0.02078306586199435,0.3803000744967885,inf,0.8308857118835566,0,2,0.0,0.0,0.04720286965479555,-0.3520583733018737,0,,,,,,,0,0.0,0.0,,,2.7944970648508978,-7.463608136418092,-4.669111071567194,-6.066359603992643,0.9471865631920133,3,As,Cl,S
BiClS,3,-12.150574096593516,156,0,69,3,0,3.4555370098425637,3.4813769034055193,0.05242375632864477,-3.843099758011413e-14,1,3.0080758052987737,3.008075805298774,0.3855863460473482,7.9150337518511416,10.923109557149916,7.932344778477105,10.940420583775879,0.03666129235932189,0.4222476384066701,4.075338725698496,1.0179923676485088,0,2,0.0,0.0,0.13019745235138203,-0.5377433427263121,0,,,,,,,0,0.0,0.0,,,2.9797205647901945,-8.261949832024357,-5.282229267234161,-6.27984043562479,0.9182205259600158,3,Bi,Cl,S
BiClS,3,-12.511404797701633,156,0,69,3,0,3.186374550237584,3.010004777462491,0.023671339779001623,-7.25144722444718e-14,1,3.1573492287467264,3.157349228746732,0.359044616111041,14.797778583223137,17.955127811969863,14.768860210037491,17.926209438784223,0.03374158384266553,0.3927861999537065,2.946923615642864,1.6070933625775763,0,2,0.0,0.0,0.009920551982009584,-0.6580202430956845,0,,,,,,,0,0.0,0.0,,,2.5273674606070293,-7.987469758150732,-5.460102297543703,-6.5252790096839135,0.788293472836082,3,Bi,Cl,S
BiClSe,3,-11.626484472534061,156,0,69,3,0,3.5569382286673825,3.499839073450403,0.08359722669840972,-4.7219573473061957e-14,1,3.4833090794604984,3.483309079460496,0.4033512139677288,8.183751253301148,11.667060332761647,8.172191948728276,11.655501028188773,0.036664164751035656,0.4400153787187645,3.4806353386797095,0.9025863776217145,0,2,0.0,0.0,0.11948931261499851,-0.5614679649398635,0,,,,,,,0,0.0,0.0,,,2.6118231578446673,-7.821191078278688,-5.209367920434021,-6.218577833662336,0.8971992663258381,3,Bi,Cl,Se
BiClSe,3,-11.984952410379057,156,0,69,3,0,3.285951030207068,3.0382447181015646,0.0503044044009447,-2.7489066486247963e-15,1,3.627158262170037,3.627158262170039,0.3765689624625336,11.332313820963197,14.959472083133234,10.79160805784635,14.418766320016388,0.03363279043517184,0.41020175289770544,1.1356931751195705,1.1904533868966438,0,2,0.0,0.0,0.0,-0.680957277554862,0,,,,,,,0,0.0,0.0,,,2.2022777939165263,-7.579521855162294,-5.377244061245767,-6.396064601651147,0.731349140289993,3,Bi,Cl,Se
ISbTe,3,-9.47226852775072,156,0,69,3,0,4.011600531353912,3.84644103329309,0.0684201588562387,-4.401356504369125e-14,1,6.662125468597506,6.662125468597506,0.49563292334088865,10.206499448463548,16.868624917061055,10.154985591806964,16.81711106040447,0.02301420757456879,0.5186471309154574,2.76018684133222,0.3467990357223251,0,2,0.0,0.0,0.12259283051061054,-0.12762808205106838,0,,,,,,,0,0.0,0.0,,,1.7781870729901832,-6.0492246073761855,-4.271037534386002,-5.160131070881094,0.38566866834643754,3,I,Sb,Te
ISbTe,3,-9.84004701928255,156,0,69,3,0,3.70528420023198,3.3489973838772737,0.04052949029914877,-7.332836595841424e-15,1,6.767971309407532,6.767971309407526,0.463175347776439,14.12367696075079,20.89164827015832,11.060252378542575,17.8282236879501,0.016300739176322403,0.4794760869527614,2.5480312454124694,1.0693263641822894,0,2,0.0,0.0,0.0,-0.25022091256167894,0,,,,,,,0,0.0,0.0,,,1.6763317600369703,-6.0727307217918725,-4.396398961754903,-5.234564841773388,0.4944113416517447,3,I,Sb,Te
TiSSe,3,-17.537245052866954,156,0,69,3,0,3.122020561064809,3.9139831626808563,0.0008269015129208323,-4.9492929042680816e-14,1,7.1445798464734525,7.144579846473445,0.38478939460284844,3.2406398498089453,10.385219696282398,3.240331548829144,10.38491139530259,0.011923693879862158,0.3967130884827106,1.4204002868112826,1.084412560304301,0,2,0.0,0.0,0.12767267959173503,-1.0955419470819858,0,,,,,,,0,0.0,0.0,,,1.3330546514311035,-6.421436406426769,-5.088381754995665,-5.754909080711217,0.6895099688609598,3,Ti,S,Se
TiBrCl,3,-14.03768715836684,156,0,69,3,0,3.2773949851935322,3.7100551886887025,0.02630146088968512,-3.2431692143396283e-15,1,7.22011163240138,7.220111632401396,0.363325051456672,0.05954444119317807,7.279656073594558,0.06013310270036567,7.280244735101762,0.008602479190413915,0.3719275306470859,1.5313715817445082,0.626756801435621,0,2,0.0,0.0,0.035001729651019886,-1.3260897181258653,0,,,,,,,0,0.0,0.0,,,1.472509382204579,-4.087989028666418,-2.6154796464618393,-3.415588142158107,0.6874698793632719,3,Ti,Br,Cl
BiIS,3,-11.09084456830049,156,0,69,3,0,3.7833839866396852,3.756916597874618,-0.012043135305275685,-2.8259479067665223e-14,1,4.106626593132567,4.106626593132611,0.44789024280206896,7.684288050163351,11.790914643295919,7.6922838900229955,11.798910483155606,0.02745359793914631,0.4753438407412153,0.8462510483292698,0.33739583394809736,0,2,0.0,0.0,0.1396479356390993,-0.2867231048153596,0,,,,,,,1,0.0,0.0,,,1.7329251483469221,-6.831108484843497,-5.098183336496575,-5.964645910670036,0.5036668396281848,3,Bi,I,S
BiIS,3,-11.466652349514302,156,0,69,3,0,3.515235923109964,3.283309366480107,-0.03425168101740312,-3.485438126404662e-14,1,4.476415029013935,4.47641502901394,0.4216683628180349,14.17237910118144,18.648794130195373,14.176579853338675,18.652994882352615,0.02114257296979955,0.4428109357878344,3.4707723360207825,0.46315596830212263,0,2,0.0,0.0,0.014378675234495356,-0.4119923652199636,0,,,,,,,0,0.0,0.0,,,2.0419783102380995,-7.18800782981805,-5.14602951957995,-6.1369265950689025,0.5806083756621223,3,Bi,I,S
AsClSe,3,-11.076402293234983,156,0,69,3,0,3.087058276552213,3.0777156132484667,0.07607433299575825,-9.939109740360591e-14,1,4.893740811989761,4.893740811989761,0.37420910284420794,24.942487635140346,29.836228447130107,24.969571499606328,29.86331231159609,0.021328078263556805,0.39553718110776476,3.2116056017332553,0.8195112416789917,0,2,0.0,0.0,0.004751554643812457,-0.3817983793967314,0,,,,,,,0,0.0,0.0,,,2.5605841943435292,-7.19213268134633,-4.631548487002801,-5.633455560005869,0.7907424433606189,3,As,Cl,Se
AsClSe,3,-10.575941083654978,156,0,69,3,0,3.3683016077458,3.5265180754516656,0.10915948539700865,-0.27578985545498624,0,4.972959704827625,4.972959704827625,0.4028154829781736,,,,,,,0.7132768155500896,0.5111976296143448,0,2,0.0,0.0,0.1715719578371473,-0.21497797620339654,0,,,,,,,0,0.0,0.0,,,2.8237562216967254,-7.373966500738394,-4.550210279041669,-5.656149670902296,0.8173175865290312,3,As,Cl,Se
TiBrI,3,-12.382440077459352,156,0,69,3,0,3.503125799628579,3.907915962864613,-0.033700353300293556,-7.659913845625101e-15,1,8.876169478297363,8.876169478297369,0.41255793011002956,0.05824274885639158,8.934412227153755,0.058419322961216,8.934588801258585,0.0052618470248128445,0.4178197771348424,1.3671110705611749,0.5898665221448314,0,2,0.0,0.0,0.07322077847657867,-0.8765636293434257,0,,,,,,,0,0.0,0.0,,,1.1984760966647547,-3.73707763481502,-2.5386015381502647,-3.1378395864826425,0.4982454807743453,3,Ti,Br,I
ClSbSe,3,-11.285436660988161,156,0,69,3,0,3.2478999218201494,3.058976793463008,0.06291029479474783,-7.963143632397495e-15,1,4.134008295215382,4.1340082952154,0.3784394686718192,22.00515113808725,26.13915943330263,22.050826656648304,26.184834951863706,0.028616540347664834,0.407056009019484,1.1987616362223967,0.992567183173119,0,2,0.0,0.0,0.0038446805991199096,-0.5371298873350039,0,,,,,,,0,0.0,0.0,,,2.403756881811299,-7.238080365435863,-4.834323483624564,-6.036201924530214,0.7905525324207446,3,Cl,Sb,Se
ClSbSe,3,-10.889818657567503,156,0,69,3,0,3.5267677906660717,3.523865460301568,0.09558976910956515,-3.8874560460431436e-14,1,4.087636007060299,4.087636007060295,0.4058806134849148,17.151887416845295,21.239523423905595,17.17857201598599,21.266208023046282,0.03338885530155546,0.4392694687864702,1.262243875005324,0.6920644952949322,0,2,0.0,0.0,0.135717348406006,-0.40525721952811783,0,,,,,,,0,0.0,0.0,,,2.856423867293686,-7.4869187392409575,-4.6304948719472705,-5.73263355638414,1.0936239444711675,3,Cl,Sb,Se
AsITe,3,-9.232827978534539,156,0,69,3,0,3.806645066071801,3.86878003089625,0.07625165092146523,-9.812220749978542e-15,1,8.533647600556627,8.533647600556614,0.48836955579342495,19.955503756329076,28.489151356885703,19.797134907502727,28.330782508059343,0.01888300608049299,0.507252561873918,0.5171505842080442,0.2866896627161778,0,2,0.0,0.0,0.1617223014198815,0.03783881970820483,0,,,,,,,1,0.0,0.0,,,1.0905866051847057,-5.4809058226079905,-4.390319217423285,-4.940780996690776,0.34805611174771134,3,As,I,Te
AsITe,3,-9.717994882794184,156,0,69,3,0,3.463794444600784,3.3692496129534746,0.04411183892098585,-1.4467424377325042e-13,1,8.457448812870828,8.457448812870833,0.4522318799338834,17.965096643008636,26.422545455879465,17.94351325587974,26.400962068750573,0.012470082966548874,0.4647019629004323,2.087676457563124,0.5809005909666162,0,2,0.0,0.0,0.0,-0.12388348171167667,0,,,,,,,0,0.0,0.0,,,1.794577516976123,-6.005337040689957,-4.2107595237138336,-5.06924943712278,0.4749412313128746,3,As,I,Te
ClSSb,3,-11.40698691724034,156,0,69,3,0,3.426970002389533,3.511338191677962,0.06345601982560219,-0.07294033366971793,0,3.5537055124273538,3.55370551242735,0.3882284916274107,,,,,,,0.9356379172737447,0.7510346762450634,0,2,0.0,0.0,0.1688619038382814,-0.3792254758523601,0,,,,,,,0,0.0,0.0,,,2.9479754072600457,-7.805744100547814,-4.857768693287769,-5.9473639692930735,1.2517512322034987,3,Cl,S,Sb
ClSSb,3,-11.801736549101356,156,0,69,3,0,3.160061005431057,3.0434004263046024,0.034174534469624485,-0.04261041975551599,0,3.6137903738482478,3.613790373848244,0.3617198461741143,,,,,,,inf,1.0547397773855465,0,2,0.0,0.0,0.03727869321794275,-0.5108086864726987,0,,,,,,,0,0.0,0.0,,,2.643262223683344,-7.545895004954414,-4.90263278127107,-5.877240087469337,0.9643886071700104,3,Cl,S,Sb
ClSbTe,3,-10.360815520949135,156,0,69,3,0,3.64835847830682,3.5691415933584345,0.14093626632640638,-0.12390238141036683,0,5.059915297705099,5.059915297705085,0.4294381481473208,,,,,,,0.6670176101358806,0.3908850613452194,0,2,0.0,0.0,0.14469203235277264,-0.32158747493048406,0,,,,,,,0,0.0,0.0,,,2.3503167851553193,-6.901674484582446,-4.551357699427127,-5.868409523547431,0.566209381399347,3,Cl,Sb,Te
ClSbTe,3,-10.794891618007453,156,0,69,3,0,3.3203070161673605,3.0886440028184676,0.10095715346526082,-9.414604268315285e-15,1,4.932315156771154,4.932315156771151,0.39697988247477284,19.51750332228476,24.449818479055914,19.548106184476588,24.480421341247737,0.03173149513517455,0.4287113776099474,0.17905622907058974,1.1398475281009537,0,2,0.0,0.0,0.0,-0.4662795072832567,0,,,,,,,0,0.0,0.0,,,2.3824329746395554,-6.9303772681599884,-4.547944293520434,-5.5244356181432694,0.569400556059181,3,Cl,Sb,Te
WSeTe,3,-19.143424909433765,156,0,69,3,0,3.494570861707059,4.848933185567017,-0.038283218681065885,-1.8287173515691547e-15,1,7.785100607191239,7.785100607191232,0.43995986191742137,0.44781987446844,8.23292048165968,0.4462388516521708,8.231339458843403,0.0015360494943817678,0.4414959114118031,0.47262666328041947,0.3999551398909203,0,2,0.0,0.0,0.04153968252668901,-0.3235311687940552,0,,,,,,,0,0.0,0.0,,,1.8003597541082819,-5.08534926388451,-3.284989509776228,-4.2154682232461065,0.454519493187714,3,W,Se,Te
BrSbSe,3,-10.805612244234878,156,0,69,3,0,3.417605546575845,3.107638052760347,0.03848584161515551,-3.1916224476402406e-14,1,4.780029799223636,4.780029799223611,0.40663595304851047,19.505669345503,24.285699144726635,19.542848440368186,24.322878239591795,0.021204174101238555,0.427840127149749,5.3052249153336755,0.8254072195772276,0,2,0.0,0.0,0.0,-0.44402805723745625,0,,,,,,,0,0.0,0.0,,,2.1635891881232383,-6.897963376696904,-4.734374188573666,-5.816168782635285,0.7618343241073415,3,Br,Sb,Se
BrSbSe,3,-10.434541225343919,156,0,69,3,0,3.6795829150238744,3.562612388883644,0.06591775094050761,-3.7237154387786144e-14,1,4.618579651264442,4.61857965126444,0.43362518115178983,12.699263549439358,17.3178432007038,12.688518145990756,17.307097797255196,0.026878653880622504,0.4605038350324123,1.6926380051408505,0.5098675844634115,0,2,0.0,0.0,0.12369033963031957,-0.3203377176071367,0,,,,,,,0,0.0,0.0,,,2.571633567149625,-7.082012847586881,-4.510379280437257,-5.61756825341662,0.9054547731210263,3,Br,Sb,Se
HfSeTe,3,-17.015657312184818,156,0,69,3,0,3.5199049505561195,4.214072702921454,0.006090587485736985,-3.880944919030976e-16,1,8.354472866451585,8.354472866451577,0.42661590108100045,4.310215860820721,12.664688727272306,4.325970736731492,12.680443603183068,0.012554253774713267,0.4391701548557137,0.5916661410973778,0.5198054553409776,0,2,0.0,0.0,0.14935007175632511,-0.9406476531328908,0,,,,,,,1,0.0,0.0,,,0.7381401600978664,-5.768653777206239,-5.030513617108373,-5.399583697157306,0.4855631613945529,3,Hf,Se,Te
AsClTe,3,-10.61845987920727,156,0,69,3,0,3.1508988361657604,3.1240774796182547,0.12003335224607485,-7.368681177207216e-14,1,5.792356279868877,5.792356279868882,0.392705748228508,25.074478333185326,30.866834613054202,25.077302355800434,30.869658635669317,0.023911658979512987,0.416617407208021,0.17520950846361638,0.9813706492561394,0,2,0.0,0.0,0.00909391127898703,-0.3218155423293159,0,,,,,,,0,0.0,0.0,,,2.59602796221676,-6.999660457217706,-4.403632495000947,-5.3763430089477975,0.49185574415554023,3,As,Cl,Te
AsClTe,3,-10.088440089889145,156,0,69,3,0,3.4784943570446494,3.5860386035660463,0.15919440414934158,-0.50885216602074,0,6.2004425653937485,6.200442565393737,0.4261193845146728,,,,,,,1.1040614337522605,0.46823468970939,0,2,0.0,0.0,0.18576717438502865,-0.1451422792232743,0,,,,,,,0,0.0,0.0,,,2.2034586523305695,-6.905623298540188,-4.702164646209619,-5.872151745693966,0.6085829078054816,3,As,Cl,Te
HfBrCl,3,-14.886924666459048,156,0,69,3,0,3.5733663267061964,4.07721291432388,0.02038781893037488,-5.178256026641247e-16,1,4.763939409303641,4.763939409303647,0.37944283537419926,0.3453298396284465,5.109269248932088,0.3442965670099741,5.108235976313621,0.009241229627413148,0.3886840650016124,0.7525744129244482,0.37666163431192745,0,2,0.0,0.0,0.01796121592573711,-1.3370513759263603,0,,,,,,,0,0.0,0.0,,,1.9263403681359859,-4.179072122947997,-2.252731754812011,-3.267635988261025,0.8454041830483175,3,Hf,Br,Cl
ZrBrCl,3,-15.310026091909759,156,0,69,3,0,3.5316205248414816,3.955039923320671,0.02241806978141293,-4.608027643933776e-15,1,5.460005128677911,5.460005128677913,0.3797462533213365,0.1746037921445793,5.63460892082249,0.1739754096306414,5.633980538308554,0.009078254751517648,0.3888245080728541,0.9288855802491738,0.4343984874485945,0,2,0.0,0.0,0.009842096023417568,-1.5124588891698398,0,,,,,,,0,0.0,0.0,,,1.8777746550154282,-4.231665947637407,-2.353891292621979,-3.3592657748045767,0.8732104625938208,3,Zr,Br,Cl
TiClI,3,-12.997479817743054,156,0,69,3,0,3.3864440416678896,3.9212017989760533,-0.05917974225625044,-5.0800203932845825e-15,1,8.450591814257788,8.450591814257791,0.3899490484926254,0.15521560992766537,8.605807424185453,0.16002428724259296,8.610616101500383,0.007707431539513323,0.3976564800321387,1.7458544562450422,0.7173304463442592,0,2,0.0,0.0,0.11793503003601662,-1.0147372339511123,0,,,,,,,0,0.0,0.0,,,1.3827336131074317,-3.9355524907207213,-2.55281887761329,-3.2441856841670056,0.5619461855879708,3,Ti,Cl,I
ZrBrI,3,-13.723863664315415,156,0,69,3,0,3.7616759286380583,4.1631859853158915,-0.027396853899428943,-1.9169853240063962e-15,1,6.654068991580449,6.654068991580415,0.4316037875549102,0.07907401526064334,6.733143006841093,0.07699061392837989,6.731059605508794,0.004925320128957006,0.4365291076838672,0.8948147521269744,0.4151113471458807,0,2,0.0,0.0,0.03929636120306205,-1.085961018158449,0,,,,,,,0,0.0,0.0,,,1.589703087995478,-3.884161029918609,-2.294457941923131,-3.156659265600144,0.7597804511293628,3,Zr,Br,I
BiClTe,3,-11.069258202750731,156,0,69,3,0,3.6900283736024706,3.538646408418378,0.12940493622357993,-3.0518540351158057e-13,1,4.313795127315813,4.313795127315821,0.42761539868004445,10.656856804854813,14.970651932170625,10.692619027472176,15.006414154787997,0.03996750580229104,0.46758290448233547,1.6119189886071685,0.22360484346466605,0,2,0.0,0.0,0.1391662479614335,-0.4683905092872423,0,,,,,,,1,0.0,0.0,,,1.6758524104962518,-6.773428385308577,-5.097575974812325,-5.9355021800604515,0.4642851149661572,3,Bi,Cl,Te
BiClTe,3,-11.45763786893791,156,0,69,3,0,3.3766289131277976,3.0665014500347247,0.08744287138704485,-5.832330112078703e-15,1,4.415940985443547,4.415940985443544,0.3972218691119094,12.5884166798183,17.004357665261846,12.606976378310753,17.022917363754296,0.036087199896538996,0.43330906900844834,1.3908116767285745,0.3779162637965796,0,2,0.0,0.0,0.009706359232373915,-0.5978503980163019,0,,,,,,,1,0.0,0.0,,,1.7362965604386607,-6.887890646423118,-5.151594085984458,-6.004475734415671,0.46365736674578495,3,Bi,Cl,Te
MoSTe,3,-20.12363324502623,156,0,69,3,0,3.3734509300510886,4.729225694421586,-0.07897747841728872,-1.2378672369497531e-14,1,8.328222453467152,8.328222453467145,0.4223855184073488,0.7943252995438722,9.122547753011025,0.7834384670856419,9.111660920552787,0.0013951068341189578,0.42378062524146776,0.6474203148860102,23.00452822179973,0,2,0.0,0.0,0.0645359839860576,-0.5461894681248936,0,,,,,,,0,0.0,0.0,,,1.9880960806569,-5.398353613854009,-3.4102575331971092,-4.418613328281745,0.5086948435605122,3,Mo,S,Te
HfSSe,3,-19.478898274085598,156,0,69,3,0,3.0211186803984837,3.526059773672264,0.00095385021585115,-7.218450515551042e-16,1,4.644631846219045,4.644631846219044,0.3550737374593527,16.8375938765986,21.482225722817645,16.64237767194385,21.287009518162897,0.017984594336121245,0.373058331795474,1.0765464853188036,0.25006905709056704,0,2,0.0,0.0,0.002648541471199195,-1.4706421759246258,0,,,,,,,0,0.0,0.0,,,2.1754549854047704,-6.862027669398568,-4.6865726839937984,-5.774300176696183,0.4821386850423758,3,Hf,S,Se
HfSSe,3,-18.900147523260806,156,0,69,3,0,3.2453489361576535,4.0485173013561,0.0026780336105201165,-2.28803579823293e-14,1,4.072369639953571,4.072369639953569,0.37828551540377425,3.123096544575321,7.195466184528892,3.123531642345274,7.195901282298843,0.020935017546946974,0.39922053295072124,0.8253577757996116,1.276902647478851,0,2,0.0,0.0,0.19556545841279652,-1.2777252589830284,0,,,,,,,0,0.0,0.0,,,2.1754549854047704,-7.384485197082405,-5.209030211677634,-6.29675770438002,1.0209006960675457,3,Hf,S,Se
CrSeTe,3,-16.905443704978648,156,0,69,3,0,3.2773946348704275,4.471845569644101,-0.041990498859228335,-6.613227935255541e-15,1,12.352926131820466,12.352926131820475,0.8780990738441025,1.840166442475233,14.193092574295699,1.842471520007633,14.195397651828108,0.0025499311739420097,0.8806490050180444,0.9976546982845764,1.1576786856805186,0,2,0.0,0.0,0.11087124294655142,-0.2697499901309423,0,,,,,,,1,0.0,0.0,,,0.9737017937003845,-5.25743612058613,-4.283734326885746,-4.774780401336141,0.4477518899748859,3,Cr,Se,Te
HfClI,3,-13.865574136279426,156,0,69,3,0,3.669543974236645,4.289003668827023,-0.04222894450169965,5.558072081521251e-16,1,5.558280032666028,5.558280032666027,0.40838295721840157,0.3007022606760089,5.858982293342037,0.3008331940143194,5.859113226680346,0.007518192030804924,0.4159011492492065,0.7869662425227023,0.4114365023333127,0,2,0.0,0.0,0.14043629829997473,-1.0319844952329955,0,,,,,,,0,0.0,0.0,,,1.783094939480677,-4.028816127605193,-2.2457211881245165,-3.1935359708802813,0.7385974217680191,3,Hf,Cl,I
AsBrTe,3,-10.18609094650988,156,0,69,3,0,3.3086524509976627,3.1597407670470505,0.089187662036882,-1.2214515323596086e-14,1,6.708968478363143,6.70896847836315,0.42019920313393044,19.461024431075717,26.16999290943886,19.482851523349662,26.191820001712813,0.017703948676418148,0.4379031518103486,0.8726201418828132,0.9381867366394449,0,2,0.0,0.0,0.0,-0.24453220691706612,0,,,,,,,0,0.0,0.0,,,2.227078656701617,-6.582042317475283,-4.354963660773666,-5.468502989124474,0.585246322126203,3,As,Br,Te
AsBrTe,3,-9.697285081081043,156,0,69,3,0,3.6304489155614457,3.6250138262913802,0.12284851049578985,-1.0052334188336387e-14,1,7.008894982511758,7.0088949825117535,0.4540268655732301,166.12262008664612,173.13151506915787,167.99141037766606,175.0003053601778,0.02214151849464074,0.4761683840678708,0.5841414996154947,0.4448416474656098,0,2,0.0,0.0,0.16293528847627906,-0.08159691844078705,0,,,,,,,0,0.0,0.0,,,1.9629726404530823,-6.526741166440514,-4.563768525987431,-5.521296881338067,0.5268962098197676,3,As,Br,Te
HfBrI,3,-13.230398549771522,156,0,69,3,0,3.793941766555295,4.290220414432282,-0.022709820209921728,-1.0132610793568579e-15,1,5.957553528130044,5.957553528130035,0.43256265875031474,0.16621226762245148,6.123765795752495,0.16645469213176797,6.1240082202618025,0.004999770836468849,0.4375624295867836,0.6867983946940135,0.3444360814060908,0,2,0.0,0.0,0.08878527176160134,-0.8870989418839083,0,,,,,,,0,0.0,0.0,,,1.61179456060003,-3.8203642546916674,-2.2085696940916373,-3.0743312053497607,0.6997318980576521,3,Hf,Br,I
ISSb,3,-10.366485803029045,156,0,69,3,0,3.741086114194922,3.7929204783809043,-0.007274592528797206,-7.249744862738173e-14,1,5.10691179827737,5.106911798277368,0.4485893549776744,12.590334886281333,17.697246684558703,12.58795584590189,17.694867644179258,0.024331957574768973,0.47292131255244335,0.7597180406569221,0.3607265633238598,0,2,0.0,0.0,0.202143941015132,-0.13461470930198458,0,,,,,,,0,0.0,0.0,,,1.80907136015846,-6.503495667698177,-4.694424307539717,-5.598959987618947,0.42378647308896067,3,I,S,Sb
ISSb,3,-10.798042636251699,156,0,69,3,0,3.4508756866717656,3.3082107722162633,-0.031643117144400976,-3.1427453901228294e-14,1,5.460583655648199,5.4605836556481995,0.4203400610717384,24.210127574865606,29.670711230513803,24.226293122212525,29.686876777860725,0.017290278000135637,0.43763033907187404,2.4518694314070126,0.7205872100613631,0,2,0.0,0.0,0.05829166327424732,-0.27846698704286926,0,,,,,,,0,0.0,0.0,,,2.2601299379992303,-6.666641134481486,-4.406511196482255,-5.536576165481533,0.7517809104569767,3,I,S,Sb
BrSbTe,3,-10.326665163620792,156,0,69,3,0,3.5094367495028926,3.1397453194290517,0.07954239427355497,1.1281334326319141e-15,1,5.5943894565987025,5.594389456598707,0.42748181596146667,16.539714046052527,22.13410350265123,14.270977734819644,19.86536719141835,0.023076000902044508,0.45055781686351115,inf,0.968894084796453,0,2,0.0,0.0,0.0,-0.3770436646412498,0,,,,,,,0,0.0,0.0,,,2.069904978193807,-6.604836885486511,-4.534931907292705,-5.569884396389608,0.5529151915829285,3,Br,Sb,Te
BrSbTe,3,-9.937152420928022,156,0,69,3,0,3.816604432749825,3.613819578031716,0.11144746181974952,-8.573522509199876e-15,1,5.6059021606964,5.605902160696353,0.45890576859105037,15.505572550182867,21.111474710879268,15.541291457160908,21.147193617857262,0.028492839086442342,0.4873986076774927,0.6449725228221126,0.5076891159730477,0,2,0.0,0.0,0.1298375808975898,-0.24720608374365996,0,,,,,,,0,0.0,0.0,,,2.252901762420853,-6.671939948018354,-4.4190381855975005,-5.479868771176209,0.5742779205635933,3,Br,Sb,Te
BiBrS,3,-11.661368759236792,156,0,69,3,0,3.6056822236463546,3.5214188742853603,0.02614414233140418,-1.1129707578229867e-14,1,3.377231769835803,3.3772317698358014,0.41312313196384604,7.653365428868205,11.030597198704008,7.659077115779861,11.036308885615663,0.03070470751962641,0.44382783948347243,3.6677828117698152,0.6663730880678196,0,2,0.0,0.0,0.12441697057923722,-0.4415145390942836,0,,,,,,,0,0.0,0.0,,,2.666300606314723,-7.8725576240047515,-5.206257017690028,-6.320370816456875,0.7712062198803683,3,Bi,Br,S
BiBrS,3,-12.008661320686633,156,0,69,3,0,3.351924759012565,3.0652021026883176,0.0023585730564900744,-1.629257336356349e-14,1,3.6153945325061962,3.6153945325061905,0.3883601934796348,10.024018296634097,13.639412829140293,10.99599130060534,14.61138583311153,0.027186099891244542,0.41554629337087934,2.2256051944794697,1.1557434985661006,0,2,0.0,0.0,0.008652783429290286,-0.5572787262442306,0,,,,,,,0,0.0,0.0,,,2.3354056823327856,-7.6792750951191415,-5.343869412786356,-6.433357124137005,0.8217454314863073,3,Bi,Br,S
MoSSe,3,-21.178248481940923,156,0,69,3,0,3.2324859828602897,4.568107059354485,-0.03817771071544033,-4.6474590103522865e-15,1,6.792817497531385,6.792817497531387,0.3929872740273983,0.22546436949304122,7.0182818670244265,0.2238191590317667,7.016636656563154,0.0007762830853022236,0.3937635571127005,0.48524503475883396,0.5980395140882122,0,2,0.0,0.0,0.009277271529213168,-0.8050632461546362,0,,,,,,,0,0.0,0.0,,,2.3279280396394992,-5.619582695395374,-3.2916546557558743,-4.455618675575624,0.5271678335609751,3,Mo,S,Se
BiISe,3,-10.620409591999566,156,0,69,3,0,3.9026398817432373,3.772478613540798,0.018269038755825813,-1.030582246942125e-14,1,4.562371310977122,4.5623713109771264,0.4671870320543884,7.156053407458466,11.718424718435589,7.1600265978353645,11.722397908812491,0.025043795021308456,0.4922308270756968,2.383549057066641,0.3745899094611748,0,2,0.0,0.0,0.1144748566998371,-0.3283326096150881,0,,,,,,,1,0.0,0.0,,,1.687110294752456,-6.718388183544253,-5.031277888791797,-5.887182658224872,0.5043393736155997,3,Bi,I,Se
BiISe,3,-10.963834162099078,156,0,69,3,0,3.6417467275578064,3.302302025022719,-0.007083575124440037,-3.681084958605123e-15,1,4.963943681970351,4.963943681970351,0.44042831655877895,10.951711480328386,15.915655162298737,10.028784707859405,14.992728389829756,0.017248171194493175,0.45767648775327213,1.6944244546872367,2.50351801481014,0,2,0.0,0.0,0.0,-0.44280746631492524,0,,,,,,,0,0.0,0.0,,,1.7717954952529873,-6.886684382973858,-5.114888887720871,-5.975891813712003,0.6741595332193778,3,Bi,I,Se
CrSTe,3,-17.644343413456777,156,0,69,3,0,3.1759573996200308,4.4356347770284765,-0.08046579307843968,-4.5487592872351596e-15,1,12.487527814824228,12.487527814824217,0.8856963147170808,1.8658981809292692,14.353425995753497,1.8699955514289137,14.357523366253131,0.0014112993195268368,0.8871076140366077,1.1011416774427143,4.138141427822383,0,2,0.0,0.0,0.16065120489919318,-0.3176287293902824,0,,,,,,,1,0.0,0.0,,,0.6970322654699952,-5.304990146831151,-4.6079578813611555,-4.949677185099625,0.48068966044925837,3,Cr,S,Te
BrSSb,3,-10.9289100887754,156,0,69,3,0,3.5725854958523193,3.54764155000296,0.033885363220568926,-1.0370447546627002e-13,1,4.07735690755388,4.0773569075538205,0.4153421421224295,13.327550057432287,17.404906964986168,13.380259569302835,17.457616476856657,0.027514855559473694,0.4428569976819032,0.4045214052392867,0.5804626106763137,0,2,0.0,0.0,0.18291818812194136,-0.28670617518426056,0,,,,,,,0,0.0,0.0,,,2.6066609010756077,-7.366028225816168,-4.75936732474056,-6.062697775278364,1.0594986946602072,3,Br,S,Sb
BrSSb,3,-11.315229958515648,156,0,69,3,0,3.3132016081403854,3.0892873219473005,0.008570521191291668,-7.10736708963462e-14,1,4.26288404671123,4.262884046711227,0.38958021817229094,23.95477917102154,28.21766321773277,23.978849730428276,28.2417337771395,0.022128839957955303,0.4117090581302462,6.660292315281004,0.8086123158978625,0,2,0.0,0.0,0.054144898208525305,-0.4154794650976766,0,,,,,,,0,0.0,0.0,,,2.419301910035136,-7.167303011428436,-4.7480011013933,-5.843911689709676,0.8819817492316288,3,Br,S,Sb
MoSeTe,3,-19.327329932292745,156,0,69,3,0,3.476177085655328,4.749492261310478,-0.04034982468474438,-1.4377800508891043e-15,1,8.542343899674,8.54234389967399,0.4400249793630901,0.7455018688235212,9.28784576849752,0.7459727663603044,9.288316666034294,0.002167866816697017,0.4421928461797871,inf,0.6027110013485969,0,2,0.0,0.0,0.024962230928136393,-0.47917619411376816,0,,,,,,,0,0.0,0.0,,,1.8437468794359342,-5.023364575770175,-3.1796176963342404,-4.101491136052208,0.47540087458762226,3,Mo,Se,Te
WSSe,3,-21.217468699445437,156,0,69,3,0,3.2510144188340115,4.68019498165534,-0.03694468256095753,-3.516419747842634e-15,1,6.095788889834637,6.095788889834642,0.3926867204940777,0.10131350247596474,6.197102392310602,0.10164249513978393,6.1974313849744265,0.00044128601959966487,0.39312800651367735,0.4194798517201046,0.3682219940128759,0,2,0.0,0.0,0.010168253372136485,-0.7237933009560878,0,,,,,,,0,0.0,0.0,,,2.3137266925538102,-5.688331935768123,-3.3746052432143134,-4.7099603493255335,0.5068038375547212,3,W,S,Se
ZrSeTe,3,-17.14260579146302,156,0,69,3,0,3.5315976200354635,4.1634045106806035,0.009189681534792696,-2.931710099098626e-16,1,9.114641953879152,9.114641953879147,0.43646267007737083,4.050567761676144,13.165209715555296,4.01005480300456,13.124696756883708,0.01225891258784105,0.4487215826652119,0.7377576318127171,0.7089084491986581,0,2,0.0,0.0,0.11460845124713614,-1.0173375176522015,0,,,,,,,1,0.0,0.0,,,0.8951682024103098,-5.8313569821580895,-4.93618877974778,-5.435474212306471,0.4714757322731846,3,Zr,Se,Te
AsIS,3,-10.54231755217624,156,0,69,3,0,3.2403094086996287,3.314697107294208,-0.037530952106956575,-2.4049217576787998e-15,1,6.913867720124239,6.913867720124279,0.4105844221957115,25.18861008967793,32.10247780980217,24.40120476847405,31.31507248859833,0.012074226052394032,0.42265864824810556,1.7612221458363193,0.2581679622743106,0,2,0.0,0.0,0.07890510126478804,-0.10757190699717019,0,,,,,,,0,0.0,0.0,,,2.355958357641004,-6.613613362701688,-4.257655005060684,-5.435634183881186,0.4661338726322467,3,As,I,S
AsIS,3,-9.967155539908255,156,0,69,3,0,3.560544530261815,3.7885464440758785,-0.006875449563112185,-0.517890259956659,0,7.064589167848135,7.0645891678481325,0.44225366146849754,,,,,,,0.5051855786412457,0.3075360162740399,0,2,0.0,0.0,0.2706257720207829,0.08414876375882467,0,,,,,,,1,0.0,0.0,,,1.094800795180379,-5.81872974597837,-4.7239289507979905,-5.304265729433468,0.3545250851962364,3,As,I,S
BiBrSe,3,-11.155325038551293,156,0,69,3,0,3.7135245300684083,3.537159136148164,0.05735013537391773,-1.4032734443238026e-14,1,3.8418730046960614,3.8418730046960605,0.4313725182764948,7.612309819853326,11.454182824549388,7.608766530641775,11.450639535337835,0.029664701456724417,0.4610372197332192,2.4351292310563806,0.6525151739011994,0,2,0.0,0.0,0.11133237173612898,-0.47125446243248764,0,,,,,,,0,0.0,0.0,,,2.3506443326608144,-7.501489090280515,-5.150844757619701,-6.326166923950108,0.8499929760930007,3,Bi,Br,Se
BiBrSe,3,-11.48932215375968,156,0,69,3,0,3.461374728579325,3.089088866757243,0.03036053045856733,-5.823107094394672e-14,1,4.0816882464400015,4.081688246440001,0.4055498433458057,13.231856428815263,17.313544675255265,13.212512575585865,17.294200822025864,0.024779628996572125,0.4303294723423778,1.7633951153583391,0.9921033580929578,0,2,0.0,0.0,0.0,-0.5825868341686166,0,,,,,,,0,0.0,0.0,,,2.010009582277624,-7.321323163838282,-5.311313581560658,-6.31631837269947,0.7141562004778848,3,Bi,Br,Se
ZrSTe,3,-18.044559581131292,156,0,69,3,0,3.392047726589296,4.103805552446067,0.003699685692790608,-1.0480427836279398e-14,1,9.636829784147187,9.636829784147183,0.4169466702112474,3.173805562305765,12.810635346452951,3.1368965528699744,12.773726337017157,0.011464655611686789,0.42841132582293423,1.0367771168243203,0.7462481324710183,0,2,0.0,0.0,0.12201030537886481,-1.119567617308256,0,,,,,,,1,0.0,0.0,,,0.734658550553565,-5.672533018521229,-4.937874467967664,-5.305203743244446,0.4716898358540623,3,Zr,S,Te
ZrClI,3,-14.351866640647316,156,0,69,3,0,3.634307036712893,4.161847664144506,-0.0486763313366568,-4.323417758756325e-15,1,6.220282832827361,6.220282832827353,0.407798747960379,0.18794687021818093,6.408229703045542,0.18543915498837168,6.405721987815725,0.007610080938917412,0.4154088288992964,0.9181147934428187,0.48524219618945036,0,2,0.0,0.0,0.07956593295443574,-1.228455701448869,0,,,,,,,0,0.0,0.0,,,1.7441550357160858,-4.072844818074269,-2.328689782358183,-3.200767300216226,0.7999981583190976,3,Zr,Cl,I
AsISe,3,-10.103792741026998,156,0,69,3,0,3.3495279006818706,3.325587197738612,-0.00278873427218949,-3.4952781355301497e-14,1,7.624875898007955,7.62487589800797,0.4290750819066788,24.029923707851996,31.65479960585995,24.03596506168598,31.66084095969395,0.011269390082457257,0.44034447198913607,1.7898269217244116,0.7956177743737498,0,2,0.0,0.0,0.019282203810808102,-0.15981813351412613,0,,,,,,,0,0.0,0.0,,,2.0296108495293725,-6.310809840272557,-4.281198990743185,-5.258366937266716,0.5097767160466965,3,As,I,Se
AsISe,3,-9.581687551086063,156,0,69,3,0,3.664575674118634,3.804256401158873,0.028605652369683546,-1.2627717674803158e-13,1,7.373982558661633,7.373982558661636,0.461344342975053,14.281807047209712,21.655789605871345,14.267823824981182,21.641806383642816,0.01856853076036146,0.47991287373541447,0.7090943644071583,0.293747793526964,0,2,0.0,0.0,0.19331726712445332,0.014216929799519088,0,,,,,,,1,0.0,0.0,,,1.3002271488650992,-5.705359791641294,-4.405132642776195,-5.055246217208746,0.3546635519216331,3,As,I,Se
ISbSe,3,-9.915174644705266,156,0,69,3,0,3.8611588637082797,3.8054726352991093,0.024140768512961326,-2.847574365721041e-14,1,5.6767507046084456,5.676750704608443,0.46856489716998967,10.55224687791416,16.228997582522606,10.554989806512047,16.231740511120492,0.022545474331241915,0.4911103715012316,0.7217175582460981,0.37302141282887286,0,2,0.0,0.0,0.14908617667270185,-0.18259882009409503,0,,,,,,,0,0.0,0.0,,,1.9676903379046289,-6.401722015602608,-4.434031677697979,-5.417876846650293,0.4729641243308236,3,I,Sb,Se
ISbSe,3,-10.304788928401901,156,0,69,3,0,3.576750629465952,3.322087894044123,-0.002577954404268745,-8.845294226271094e-15,1,6.005005744476785,6.005005744476779,0.4393912294257669,17.888679366197746,23.893685110674532,14.129350920093353,20.13435666457013,0.01503414652632188,0.4544253759520888,2.1222158892068173,0.7249018414441063,0,2,0.0,0.0,0.01921474877382323,-0.3124702479929737,0,,,,,,,0,0.0,0.0,,,1.993559096344906,-6.430928237049947,-4.437369140705041,-5.434148688877494,0.6445036055111081,3,I,Sb,Se
AsBrS,3,-11.094268552651855,156,0,69,3,0,3.140652905243293,3.0960378958517083,0.009383831674068033,-2.5103937925145425e-15,1,5.174562859602841,5.174562859602848,0.38411434459015004,29.27035956757736,34.4449224271802,29.256235685475612,34.43079854507846,0.016022801264988114,0.40013714585513815,inf,0.701129173298787,0,2,0.0,0.0,0.02751550575373359,-0.25617227778919843,0,,,,,,,0,0.0,0.0,,,2.5139495749563503,-7.058204853766959,-4.544255278810609,-5.539504459255882,0.8027465222265251,3,As,Br,S
AsBrS,3,-10.590792382249163,156,0,69,3,0,3.4094135168015898,3.536233880558516,0.038935441932138305,-0.24701510297793916,0,5.028220002289788,5.028220002289787,0.41084582481047904,,,,,,,0.7903260783474971,0.47269207726572704,0,2,0.0,0.0,0.19534089588796424,-0.08834688765496779,0,,,,,,,0,0.0,0.0,,,2.5111219674591156,-7.204905935130021,-4.693783967670905,-5.7807989539972215,0.7422855988474464,3,As,Br,S
ZrSSe,3,-19.39907680495371,156,0,69,3,0,3.0253879029001745,3.476245301731481,0.0032369717764339145,-3.1830003150076833e-15,1,5.57779451770287,5.577794517702874,0.3647427854711092,20.972546420962672,26.550340938665542,23.035147615672514,28.612942133375387,0.018978816103402137,0.38372160157451135,0.5816933700885402,0.24638383028039773,0,2,0.0,0.0,0.0,-1.47840872430724,0,,,,,,,0,0.0,0.0,,,2.2055035897834347,-6.847580830570361,-4.642077240786926,-5.828361997720434,0.44293603646103286,3,Zr,S,Se
ZrSSe,3,-18.908742508248224,156,0,69,3,0,3.2509780977468514,3.988638918574388,0.0057486586416231455,-0.1818128934915502,0,4.5400594997901615,4.540059499790163,0.38889502553038935,,,,,,,1.1249777481610423,1.1003087770795497,0,2,0.0,0.0,0.16344476556849585,-1.314963958738744,0,,,,,,,0,0.0,0.0,,,2.2055035897834347,-7.359974447413268,-5.154470857629833,-6.340755614563341,0.976739811860699,3,Zr,S,Se
BiBrTe,3,-10.97526561812054,156,0,69,3,0,3.564754074221371,3.1201078611095947,0.07024775501015322,-2.100525963224879e-14,1,4.85511155817339,4.855111558173387,0.42681848371850534,12.0353009134464,16.89041247161979,12.050399287347824,16.90551084552121,0.026489786985368798,0.45330827070387414,1.40833740649888,0.6900647680162185,0,2,0.0,0.0,0.0,-0.503899289897392,0,,,,,,,1,0.0,0.0,,,1.690406747707645,-6.835871444907612,-5.145464697199968,-5.936415033289647,0.49132417912157567,3,Bi,Br,Te
BiBrTe,3,-10.625335428582115,156,0,69,3,0,3.8539509510534353,3.5815714591314824,0.10274435465540226,-2.395083079283591e-14,1,4.6807097414172905,4.680709741417293,0.4567685551674213,8.517772123426274,13.198481864843565,8.498735236050628,13.17944497746792,0.03134540010242351,0.4881139552698448,1.3419424313488821,0.27447153381020084,0,2,0.0,0.0,0.1166433965128082,-0.38725589338458377,0,,,,,,,1,0.0,0.0,,,1.6319784046305772,-6.670040052897542,-5.0380616482669645,-5.854050850581418,0.45702328849559465,3,Bi,Br,Te
BiITe,3,-10.469900152714834,156,0,69,3,0,3.7731975611375264,3.3253954818445495,0.034837518396028146,-1.8323061809708526e-14,1,5.66597946990355,5.66597946990355,0.46382500799115356,11.869050460310797,17.535029930214346,11.863206575239134,17.529186045142684,0.019089182616118923,0.4829141906072725,2.0832290827137627,0.7103770745448699,0,2,0.0,0.0,0.0033324379925610734,-0.3708274307953327,0,,,,,,,1,0.0,0.0,,,1.4190201880971092,-6.443397700530269,-5.02437751243316,-5.733887606481715,0.49450631535635775,3,Bi,I,Te
BiITe,3,-10.139793388484236,156,0,69,3,0,4.0595075237150695,3.808877772214245,0.06296775468543,-9.889427998648627e-15,1,5.349796852106762,5.3497968521067705,0.4944074627029041,7.1411253651760225,12.490922217282783,7.123524908504474,12.473321760611245,0.0253909970879008,0.5197984597908049,1.0171520621888277,0.29980843168357735,0,2,0.0,0.0,0.11336802606942697,-0.2607918427184668,0,,,,,,,1,0.0,0.0,,,1.4016523210949021,-6.335824907385168,-4.9341725862902654,-5.626186037355206,0.4681213481282872,3,Bi,I,Te
CrSSe,3,-18.67593322655385,156,0,69,3,0,3.0485211510996733,4.296424292052134,-0.038716641493091716,-1.1905997879946988e-14,1,9.61764684563848,9.61764684563849,0.8888984717846319,0.9382040570893735,10.555850902727855,0.9405384817266796,10.55818532736517,0.0013743248333914016,0.8902727966180233,0.9386224172382233,0.9222018767612881,0,2,0.0,0.0,0.010424309551074392,-0.5688273661474845,0,,,,,,,0,0.0,0.0,,,1.2944246506512027,-5.793045804810042,-4.4986211541588395,-5.154640551405056,0.5082413070070719,3,Cr,S,Se
WSTe,3,-20.02552643347167,156,0,69,3,0,3.3904688853807077,4.834302671163785,-0.07577748700040038,-3.0197523687090234e-15,1,7.4396677092605366,7.439667709260533,0.4215693308126437,0.5183723599487179,7.958040069209255,0.521114627319779,7.960782336580312,0.0009871565894413738,0.42255648740208507,1.1309515349071648,9.606145214549297,0,2,0.0,0.0,0.08551402448823946,-0.41914384657331993,0,,,,,,,0,0.0,0.0,,,2.0650371304797037,-5.502781297395347,-3.4377441669156434,-4.497304588174869,0.5015250441986073,3,W,S,Te
AsBrSe,3,-10.13163010856393,156,0,69,3,0,3.5058774096620215,3.5541631578228747,0.07445116265664693,-3.3188572535866233e-15,1,5.746772768818955,5.746772768818958,0.4289815544746002,21.958210328340186,27.704983097159143,22.022059569032585,27.768832337851542,0.021378882127201168,0.45036043660180136,inf,0.4062614329816224,0,2,0.0,0.0,0.1607669103470808,-0.13371395999326077,0,,,,,,,0,0.0,0.0,,,2.502725020205916,-6.9109625833183,-4.408237563112383,-5.6596000732153415,0.6649671513139872,3,As,Br,Se
AsBrSe,3,-10.613930839605173,156,0,69,3,0,3.2261026078055064,3.1091149689185613,0.04397645399765566,-4.714188370493036e-14,1,5.8134463809641925,5.813446380964169,0.4001692656888272,21.79060233491236,27.60404871587655,21.748395597521714,27.561841978485884,0.015890159625309302,0.41605942531413653,5.608213215914653,0.7368642677917909,0,2,0.0,0.0,7.401486830834377e-17,-0.2944808703403415,0,,,,,,,0,0.0,0.0,,,2.273741430126045,-6.802627807191834,-4.528886377065788,-5.665757092128811,0.7167257818787408,3,As,Br,Se
BN,2,-17.64154433799843,187,0,78,1,0,0.0,2.1767364248505467,-2.816391151963226e-15,-6.14256177258912e-11,1,0.9603406396166806,0.9603406396166799,0.15240403627055957,0.4767953117047429,1.4371359513214235,0.47869300442679474,1.4390336440434748,0.01449960064931043,0.16690363691987,0.9335788297515365,0.6418411445698391,0,2,0.0,0.0,0.0,-1.2921740342023673,0,,,,,,,0,0.0,0.0,,,7.116705582800181,-7.6738618300876595,-0.5571562472874778,-4.115509038687568,2.0008354482099797,2,B,N,
AlAs,2,-8.323704433149896,187,0,78,1,0,1.7763568394002505e-15,2.0053957160546294,-7.507682097999821e-15,-1.2276734524005701,0,2.593031218635485,2.5930312186354882,0.22850777699670227,,,,,,,0.13347881755163066,0.7264747384534057,0,2,0.0,0.0,0.5217048398422941,0.03874477235954199,0,,,,,,,0,0.0,0.0,,,2.985676273058269,-6.319550265790131,-3.3338739927318626,-4.329099417086316,0.966312391387679,2,Al,As,
Sn2S2,4,-17.92808104768255,31,0,32,5,1,2.8636616439286238,3.3130567666834247,-3.3614523138621123e-06,-4.37702980515624e-12,1,5.209195866107202,5.305704403467111,0.40675021589213073,11.690949163103095,16.900145029210297,19.62463110453884,24.93033550800595,0.03679200684380512,0.44354222273593585,0.19660043824366993,0.2591661049995151,0,2,0.0,0.0,0.04264539963228842,-0.4148529439744788,1,292.1126182948398,,,,,,0,0.0,0.0,,,2.5028473533179536,-5.560798037936388,-3.0579506846184348,-4.309374361277412,0.5890249615684235,2,Sn,S,
Pb2S2,4,-17.729539115201135,129,1,64,4,2,2.821410926562577,3.3873763915573223,2.5201028336829222e-05,-2.746647430399666e-13,1,6.009602641093676,6.008818961875229,0.40385165326700917,413.64791179293906,419.65751443403275,421.8029466210298,427.811765582905,0.046568513721135664,0.45042016698814485,0.14344489655236783,0.2398833165875603,0,2,0.0,0.0,0.05400716573533959,-0.5140428986264567,0,,,,,,,0,0.0,0.0,,,2.2253746052875316,-5.409518471333252,-3.1841438660457198,-4.296831168689486,0.5705548917698136,2,Pb,S,
V2S2,4,-26.916334129909405,187,0,78,1,0,4.183137185137573,4.097805751855583,-1.3045892527903807e-07,-0.8720742601735156,0,24.183853153687974,24.183853153687966,0.43622226029260547,,,,,,,3.477774621885995,0.7371557898588323,0,2,0.0,0.0,0.533902926871924,-0.42802979337955005,0,,,,,,,1,0.0,0.0,,,0.36601747340687923,-4.621849687128078,-4.255832213721199,-4.505505898279862,0.3930394459885652,2,V,S,
Ga2O2,4,-21.856830731555792,187,0,78,1,0,4.0116335709628,3.733334407296101,-1.7339363224821505e-14,-2.4183190847897587e-14,1,2.1958183890444833,2.1958183890444873,0.38965411523163446,1.721170742995002,3.916989132039485,1.7143216365021223,3.9101400255466094,0.08266461872280428,0.47231873395443874,0.3342367413613567,4.089391792650155,0,2,0.0,0.0,0.060050468515000066,-1.4504072317143537,0,,,,,,,0,0.0,0.0,,,3.8514748749556778,-8.370063945889843,-4.518589070934166,-6.444326508412005,1.2876569925848194,2,Ga,O,
F2Si2,4,-21.040747639358514,164,1,72,0,0,3.9886851313004463,2.6633805763607104,2.5145164034531813e-11,-1.784088326545181e-14,1,3.2045263916762,3.2045263916805387,0.25054262027685675,0.260112049220155,3.464638440896355,0.2607132617513247,3.4652396534318632,0.036155792099410264,0.28669841237626703,0.2387931506499204,0.21502810678679563,0,2,0.0,0.0,0.18055194547709252,-1.767307916085655,0,,,,,,,1,0.0,0.0,,,2.3327620780818847,-7.634056339015727,-5.301294260933842,-6.467675299974784,0.7268254251616024,2,F,Si,
Sc2Te2,4,-17.987221748068613,187,0,78,1,0,6.350498712779898,4.007770325417635,-6.994280679665928e-13,-0.2909209455796004,0,22.836286297687696,22.836286297687682,0.6353829434352721,,,,,,,0.8484921940995945,0.5277848091268923,0,2,0.0,0.0,0.6140055729171188,-0.5645210866156631,0,,,,,,,1,0.0,0.0,,,0.5559879681868525,-4.749355211836073,-4.19336724364922,-4.4652661162635905,0.4131000874199463,2,Sc,Te,
V2Se2,4,-24.886817052639355,187,0,78,1,0,4.359472875691678,4.095793373209222,-3.100374405472005e-07,-0.9195125202098653,0,21.02903685854511,21.029036858545105,0.45792873078395135,,,,,,,3.1573373794910826,0.76026768522427,0,2,0.0,0.0,0.4197104693285789,-0.21828226941209294,0,,,,,,,1,0.0,0.0,,,0.5724152071812876,-4.687243334034035,-4.114828126852747,-4.458498474689215,0.5097881747148162,2,V,Se,
Bi2O2,4,-22.457768323892964,187,0,78,1,0,3.4085143927414867,3.483935697888543,2.1265940210685523e-08,-6.678604876254649e-15,1,4.054120754558552,4.054120754558551,0.46573754137816814,2.875134286096144,6.929255040654696,2.8740081626113203,6.928128917169872,0.04239513376688514,0.5081326751450532,0.06349128973694558,1.747067394118261,0,2,0.0,0.0,0.3188257514849815,-0.7152191295618868,0,,,,,,,1,0.0,0.0,,,1.1860031018775041,-4.965247769417837,-3.7792446675403326,-4.376599565956703,0.6076921976580263,2,Bi,O,
Cu2Cl2,4,-12.40825104251361,129,1,64,4,2,3.0031076190613604,2.7765101945099673,-9.92623443691879e-08,-0.4170506485363037,0,1.4390502465245973,1.439050246524596,0.32532462485686536,,,,,,,0.5309717643812585,3.4707751745932525,0,2,0.0,0.0,0.07995361180688709,-0.3714346253113159,0,,,,,,,0,0.0,0.0,,,3.447681292109751,-6.8706751155633645,-3.4229938234536137,-5.146834469540238,1.580642652855595,2,Cu,Cl,
Sn2H2,4,-14.076768854778257,164,1,72,0,0,4.292932468594123,1.9733986537290904,7.477637203650077e-07,-9.119943595051856e-15,1,7.293685866655401,7.293685866652054,0.30104112605493405,,,,,,,0.028943369888336484,0.03448700608726834,0,2,0.0,0.0,0.17119145366178845,0.17119145366178845,0,,,,,,,1,0.0,0.0,,,1.0427597920880034,-5.494755052931223,-4.451995260843219,-4.973162482688107,0.28818097252181113,2,Sn,H,
Au2O2,4,-16.54667505063589,10,1,14,2,1,1.4749991380910528,2.136777882362952,5.9163354524947794e-08,-2.5786555757502896e-11,1,5.409380763625109,2.924842046396164,0.20436517065848517,1.0352075904395277,6.444588354064637,0.10766287562520176,3.032504922021366,0.003924884681430768,0.20829005533991593,1.206741733523536,0.8319947090881964,0,2,0.0,0.0,0.0070614897092185665,-0.009547872828964188,0,,,,,,,1,0.0,0.0,,,0.9700662021916888,-5.200283865611707,-4.230217663420018,-4.715250764515862,0.7601757563049365,2,Au,O,
In2S2,4,-15.905007925381975,187,0,78,1,0,5.174402970115818,4.035552291812047,3.1422497713648293e-12,-6.298810155395658e-14,1,3.517907502336096,3.517907502336098,0.5263345222941577,2.433995878637149,5.951903380973246,2.430043073465735,5.947950575801833,0.03309703255191685,0.5594315548460745,0.25585301560503854,5.126982072626697,0,2,0.0,0.0,0.0,-0.5556892652574903,0,,,,,,,0,0.0,0.0,,,3.148554795535873,-7.529742954612402,-4.381188159076529,-5.955465556844466,0.8492406675346293,2,In,S,
Sn2Te2,4,-15.383567576766248,31,0,32,5,1,3.155054268959515,3.5900590688725904,-3.466130424510146e-05,-8.346737911081556e-13,1,18.48159639927025,19.293574693147495,0.4472816976499425,117.80468339309225,136.2862797923625,311.3117714280939,330.6053461212414,0.015364536637205795,0.4626462342871483,0.07379131217059756,0.06369047824338069,0,2,0.0,0.0,0.0629416605702886,-0.21535327300819196,1,137.65346468310779,,,,,,1,0.0,0.0,,,1.0087943046814047,-4.553582818881976,-3.5447885142005706,-4.049185666541273,0.352346089083204,2,Sn,Te,
Tl2S2,4,-13.732008502007714,187,0,78,1,0,5.281602124719966,4.014933283162254,-2.0976775416622048e-13,-1.8917964305857195e-14,1,4.748837273603946,4.748837273603945,0.5549385009295235,4.156523862147137,8.905361135751082,4.1569159824100135,8.90575325601396,0.02765582724190616,0.5825943281714296,0.2485139541470849,2.3887539547682635,0,2,0.0,0.0,0.11891256071551137,-0.14502022754655197,0,,,,,,,0,0.0,0.0,,,1.6440623837972739,-7.254800576216512,-5.610738192419239,-6.432769384317876,0.7258816228414812,2,Tl,S,
Ga2Te2,4,-13.702594282202371,187,0,78,1,0,5.019914359803075,3.7699526120241966,3.1101143551937333e-09,-2.5825396535733543e-13,1,5.547915483520541,5.547915483520548,0.5705531342518667,1.906212159938083,7.454127643458624,1.906863502612079,7.454778986132627,0.011444891378141335,0.581998025630008,0.010288320041459357,1.6868172102432373,0,2,0.0,0.0,0.0022034272881524264,-0.37157493158632704,0,,,,,,,0,0.0,0.0,,,2.617097678288353,-6.043203563305819,-3.426105885017466,-4.734654724161643,0.45391406785910116,2,Ga,Te,
Ge2H2,4,-15.351012232435705,164,1,72,0,0,3.861693496019293,1.9646242544393955,-1.2698585029767248e-07,-3.8086693207031755e-14,1,2.8289630453028285,2.8289630453059367,0.2834318236597737,0.7125738584652245,3.541536903768053,0.7143463308576187,3.5433093761635552,0.00557830241106255,0.28901012607083626,0.07364126373617051,0.09935763602275659,0,2,0.0,0.0,0.08242257688746202,0.08242257688746202,0,,,,,,,0,0.0,0.0,,,2.35348848688352,-5.732869427612135,-3.3793809407286153,-4.5561251841700745,0.3852096920160507,2,Ge,H,
InN,2,-10.1509901353283,187,0,78,1,0,0.0,2.0772942007172315,-1.3571432496356225e-14,-3.728544424332663e-14,1,3.8234063617281824,3.823406361728184,0.2110926274627317,,,,,,,0.10093841926563843,1.7214912424664863,0,2,0.0,0.0,0.48229007117008393,0.48229007117008393,0,,,,,,,1,0.0,0.0,,,1.9140172880411677,-5.8553200001014165,-3.941302712060249,-4.86443534958167,0.5165018188154276,2,In,N,
Ti2Te2,4,-20.175955698684874,187,0,78,1,0,5.809436437512266,4.872242130297385,-4.2293197504658004e-07,-8.27235043180849e-14,1,33.80056079239782,33.8005607923978,0.6335421337483776,1.264747865742651,35.06530865814047,1.2645079426832841,35.065068735081084,1.0744331473155873e-08,0.6335421444927091,0.5576643606218796,16.752091485303357,0,2,0.0,0.0,0.6104440329653222,-0.0967099114847354,0,,,,,,,1,0.0,0.0,,,0.411410799437653,-4.633951529287051,-4.222540729849398,-4.428246129568225,0.34774686835463553,2,Ti,Te,
InAs,2,-7.135231635496539,156,0,69,3,0,0.6570760074428827,2.018946385840248,-0.08385178650638607,-3.1289766627109715e-13,1,4.917475780337307,4.9174757803373055,0.2471212810940657,1.0669216935048529,5.98439747384216,1.0674271270089963,5.984902907346302,0.008566030320851958,0.25568731141491763,1.1596982039994201,0.1229610034467585,0,2,0.0,0.0,0.39966034141450635,0.1454677405461413,0,,,,,,,1,0.0,0.0,,,1.6869894649408694,-5.704655845367704,-4.017666380426833,-4.8611611128972685,0.3587155357182429,2,In,As,
Ge2Te2,4,-15.598282051955332,31,0,32,5,1,3.0364871762793246,3.5729065965305047,-7.280924596812415e-06,-1.225417875503279e-12,1,15.567999031676045,18.472126655168566,0.42632077650479605,14.679750973648842,30.24775000532489,49.389795056839446,67.86192171200801,0.00920472742640873,0.43552550393120476,0.11210308867073626,0.08741042880365232,0,2,0.0,0.0,0.05417996503246014,-0.039239924165426654,1,314.24314319702233,,,,,,0,0.0,0.0,,,1.2859977313054745,-4.633213640739589,-3.347215909434115,-3.993556026629016,0.4640060574467852,2,Ge,Te,
H2Si2,4,-17.425229655015702,164,1,72,0,0,3.7246825819054727,1.88606798856983,-1.7192700707021887e-11,-3.309348727105421e-14,1,1.9625216715261735,1.9625216715208709,0.27164783961223404,,,,,,,0.6503541977114802,0.2558827064617137,0,2,0.0,0.0,0.005492010396343616,0.005492010396343616,0,,,,,,,0,0.0,0.0,,,3.8333651720593527,-6.348722457833715,-2.5153572857743622,-5.340381068283892,0.7230909942189205,2,H,Si,
Al2O2,4,-26.757198378617044,187,0,78,1,0,3.9586939500651503,3.721438321425022,-1.6316436843530012e-14,-1.6974771895071117e-14,1,3.5892172761926298,3.5892172761926235,0.365185190284846,1.4732058204895822,5.0624230966822115,1.4608575489659972,5.050074825158621,0.1146181204728569,0.4798033107577029,0.6118096932729036,0.394625235476382,0,2,0.0,0.0,0.23729315550602248,-2.258125332478638,0,,,,,,,0,0.0,0.0,,,2.568456344201512,-5.895513849057588,-3.327057504856076,-4.868131311364211,0.7870288475267553,2,Al,O,
Se2Si2,4,-17.50599314497819,31,0,32,5,1,2.5116440774343953,3.1830017254869523,1.3352579672318162e-06,-6.626436774723353e-13,1,4.764129650386287,4.367422307412271,0.375621142473408,1.7756980635452029,6.53982771393149,1.8383854412140899,6.205807748626361,0.01257888289401348,0.3882000253674215,0.34246045144051707,0.342728853005037,0,2,0.0,0.0,0.40219684061114375,0.0644530431454724,0,,,,,,,0,0.0,0.0,,,2.4382604342451364,-6.001586955269742,-3.5633265210246057,-4.782456738147173,0.8064184425274976,2,Se,Si,
Ga2S2,4,-16.619017504816075,187,0,78,1,0,4.6667737319714995,3.8492262132703834,4.057925515041342e-14,-3.9087531632870644e-16,1,3.3446062170780997,3.344606217078103,0.49077213009823145,2.073609009817741,5.418215226895841,2.0517115269226522,5.396317744000755,0.025811417224013342,0.5165835473222448,0.2326804757736834,3.7618836196933065,0,2,0.0,0.0,0.0,-0.6640520404769648,0,,,,,,,0,0.0,0.0,,,4.084380938505257,-7.49503243459325,-3.4106514960879943,-5.452841965340623,0.8729503854911045,2,Ga,S,
S2Si2,4,-19.179930729225685,31,0,32,5,1,2.5105958882838832,3.0863693065460867,1.8776945785985866e-05,-1.0118221510471356e-11,1,3.3555875945405425,3.3663185416395525,0.35744023765479055,1.83011090436341,5.185698498903952,1.493905584593013,4.860224126232565,0.020306852292350484,0.377747089947141,0.7527340949343176,2.324599246019656,0,2,0.0,0.0,0.44640914189441394,-0.056399607566345544,0,,,,,,,0,0.0,0.0,,,2.8837959286969523,-6.455656703213582,-3.57186077451663,-5.013758738865106,0.9085979803221904,2,S,Si,
AlSb,2,-7.549947740960681,156,0,69,3,0,0.6205106854862699,2.0116140778845004,-0.059651439954295706,-0.07979459005732387,0,4.004579508897929,4.00457950889793,0.25823451477418663,,,,,,,inf,0.8274693290654025,0,2,0.0,0.0,0.4749098700279477,0.29714304042332973,0,,,,,,,0,0.0,0.0,,,2.5576980436291477,-5.836620531514701,-3.278922487885554,-4.5577715097002915,0.7869055915380524,2,Al,Sb,
C2F2,4,-25.26137184514802,164,1,72,0,0,3.2432179175849205,3.5956965759599537,-1.3566204083463905e-08,-2.7133995879645505e-14,1,0.941789114225705,0.9417891142245084,0.2697287717082572,0.15879862946272844,1.1005877436884335,0.16327440793192224,1.1050635221564307,0.020289337897019477,0.2900181096052767,0.5090402326790666,0.9788489108517533,0,2,0.0,0.0,0.2849714004831607,-0.9122674719967279,0,,,,,,,0,0.0,0.0,,,7.1977921150003255,-10.00534911162237,-2.8075569966220453,-6.406453054122208,1.9402138479467148,2,C,F,
Sn2Se2,4,-16.63335702457662,31,0,32,5,1,2.75852688229722,3.3942099688054945,-3.765815221550174e-05,-3.143899171742627e-12,1,9.348809833975318,9.72622883286518,0.41478672861263616,25.835218774092148,35.184028608067464,57.85793563056302,67.5841644634282,0.02706043879172225,0.4418471674043584,0.12641335966321035,0.1338580324651802,0,2,0.0,0.0,0.04291684954166897,-0.3888036835480513,1,218.95055996001187,,,,,,0,0.0,0.0,,,1.6285283424022705,-5.01700573773827,-3.3884773953359995,-4.202741566537135,0.44438732182753515,2,Sn,Se,
GaAs,2,-7.437833723911993,156,0,69,3,0,0.6018651746990678,1.941693414525675,-0.06252761905621913,-1.7964148738577054e-14,1,4.162968940063766,4.162968940063766,0.2356782622729723,0.8728665573097922,5.035835497373558,0.8712440402271765,5.034212980290942,0.005437847295342709,0.24111610956831503,inf,0.6321774676090463,0,2,0.0,0.0,0.41279886741130234,0.06430631597746483,0,,,,,,,0,0.0,0.0,,,2.4897627998599137,-6.013498891649508,-3.5237360917895946,-4.768617491719551,0.3976368002670213,2,Ga,As,
Ge2Se2,4,-16.81808285829648,31,0,32,5,1,2.605269330509315,3.310742823784257,-3.536713712099922e-05,-3.8103713550005673e-13,1,8.058847257834294,8.908672739522778,0.3839345074177874,6.655145903068406,14.7139931609027,19.914330210996365,28.823002950519143,0.016020287237695278,0.39995479465548267,0.1742968981783173,0.16934162211008358,0,2,0.0,0.0,0.024886527032165873,-0.2051931743379809,1,357.1828502132816,,,,,,0,0.0,0.0,,,1.8614327914429276,-5.107526502639434,-3.2460937111965067,-4.185433305235902,0.43635055562091885,2,Ge,Se,
In2Se2,4,-14.641769592321385,187,0,78,1,0,5.3673061832687665,3.9675133058411545,3.2476623587433105e-09,-6.333000072572841e-14,1,4.234855477732245,4.234855477732245,0.5612572890939849,2.5002646651250653,6.73512014285731,2.499753308122882,6.734608785855127,0.022493050020781676,0.5837503391147666,0.19647055799551558,5.113556800026023,0,2,0.0,0.0,0.0,-0.5375114273423982,0,,,,,,,0,0.0,0.0,,,2.739825926660565,-6.970001034938844,-4.230175108278279,-5.600088071608561,0.6668313375478372,2,In,Se,
GaN,2,-11.262019659891372,187,0,78,1,0,0.0,1.896283955500494,-8.265502164369838e-15,-3.049737593876529e-11,1,1.3727340933888093,1.3727340933888104,0.19173773684795198,0.6607744021310726,2.033508495519882,0.6607272114009424,2.0334613047897525,0.07739198063176035,0.2691297174797123,0.22836012438056352,1.1901866759025235,0,2,0.0,0.0,0.4162454216340503,-0.003085071472401779,0,,,,,,,0,0.0,0.0,,,4.465219885174571,-6.899732767983634,-2.4345128828090625,-4.667122825396349,1.1206800793719411,2,Ga,N,
Pb2Se2,4,-16.523431997416186,129,1,64,4,2,2.855606464305273,3.4946032191709335,3.956412486791476e-05,-2.1578642558450564e-12,1,8.547679302138867,8.542876406307215,0.4197290145971436,227.48342142348488,236.03110072562376,223.14652983715794,231.68940624346516,0.038208349475224924,0.45793736407236857,0.09963544046598932,0.11194415311530621,0,2,0.0,0.0,0.07232423432661417,-0.5101478645302744,0,,,,,,,0,0.0,0.0,,,1.622846364219939,-5.261230706632946,-3.638384342413007,-4.449807524522977,0.5412368152196962,2,Pb,Se,
Cu2I2,4,-10.940371111747028,129,1,64,4,2,3.4410987121121774,3.1142006739815513,1.0105294122799828e-07,-0.19235991847826198,0,2.252528292126281,2.2525282921262795,0.4209940823243918,,,,,,,0.3046499303407411,0.5849348243869484,0,2,0.0,0.0,0.008306815201718276,-0.15779904989975524,0,,,,,,,0,0.0,0.0,,,3.5038944553919844,-5.626247078719434,-2.122352623327449,-3.874299851053915,0.9159845281746082,2,Cu,I,
Ga2Se2,4,-15.17709198777662,187,0,78,1,0,4.829700918426205,3.7984519993205774,3.0389172591376873e-13,-9.341741049110603e-14,1,4.18868502126637,4.188685021266368,0.5252640199908064,2.1427317030712065,6.331416724337577,2.1419352405148055,6.330620261781173,0.01691905404348667,0.5421830740342931,0.17069817672608267,2.8765213234497207,0,2,0.0,0.0,0.0,-0.6012024065671562,0,,,,,,,0,0.0,0.0,,,3.444993082038482,-6.870557890488444,-3.4255648084499617,-4.417707667672569,0.635631680461056,2,Ga,Se,
Rh2Se2,4,-21.91765633428998,187,0,78,1,0,5.407909420597482,4.886552980306422,-1.9560172783393037e-09,-0.35182030402340775,0,24.385345052130237,24.385345052130255,0.6099315562638072,,,,,,,0.2862062936923325,0.5175745695406622,0,2,0.0,0.0,0.16406317971285572,-0.1643659740824539,0,,,,,,,1,0.0,0.0,,,0.30965291543775253,-4.37577301910194,-4.066120103664188,-4.215363207285566,0.3213500094772133,2,Rh,Se,
InSb,2,-6.692769391261975,156,0,69,3,0,0.7566864695102513,2.0733548528952426,-0.07064212112412144,-4.37670091660317e-15,1,6.258206827599269,6.258206827599273,0.2645348230369959,,,,,,,1.7686988368711103,0.09100450423439686,0,2,0.0,0.0,0.3793707943487008,0.2382187846326036,0,,,,,,,1,0.0,0.0,,,1.306965899549248,-5.330022920820419,-4.023057021271171,-4.675502913944536,0.29812143154442217,2,In,Sb,
Sc2O2,4,-30.624716729220268,187,0,78,1,0,4.404667343912067,3.281904488703134,-5.8528520541248994e-09,-0.03684484762054072,0,9.789092471740004,9.789092471739993,0.4144382287292992,,,,,,,2.166576617274799,2.345718293596667,0,2,0.0,0.0,0.249039059939546,-2.7641680196932477,0,,,,,,,0,0.0,0.0,,,1.354528487087474,-3.8091472348775843,-2.4546187477901102,-3.1118262338700413,0.6395519652825769,2,Sc,O,
In2Te2,4,-13.336590915754165,187,0,78,1,0,5.57409642730853,3.879854665531587,3.1717648463530885e-12,-3.050183302202089e-14,1,5.355912282730528,5.355912282730534,0.606869426991804,2.3192380505961636,7.675150333326691,2.318993763869916,7.67490604660045,0.0164609905378213,0.6233304175296254,0.1597586819298142,2.3831914961439753,0,2,0.0,0.0,0.0,-0.35021370961332643,0,,,,,,,0,0.0,0.0,,,2.3619934395706057,-6.1504785662243675,-3.788485126653762,-4.969481846439065,0.4721190336578681,2,In,Te,
V2Te2,4,-22.71961639665962,187,0,78,1,0,4.604382339786181,4.1241059448789725,6.795893450306124e-08,-1.09191330204831,0,22.822697289131153,22.822697289131163,0.5053976285741606,,,,,,,3.5876919703673233,0.7466084307534082,0,2,0.0,0.0,0.4902638271210583,0.18452094317010737,0,,,,,,,1,0.0,0.0,,,0.5473290648224665,-4.67566887237537,-4.128339807552903,-4.446764982969028,0.5346251694781158,2,V,Te,
Al2Te2,4,-15.390208358725308,187,0,78,1,0,5.133002079937587,3.7509141969496715,-5.455439436939382e-14,-7.270162108629112e-15,1,4.607401689835467,4.607401689835466,0.5647325045732631,1.5273282957012426,6.13472998553671,1.5271751831487492,6.134576872984216,0.013643131554029162,0.5783756361272923,0.6147310481980908,3.3180697937633976,0,2,0.0,0.0,0.0,-0.3761046397160328,0,,,,,,,0,0.0,0.0,,,3.0157179013765862,-6.289321194271535,-3.273603292894949,-4.781462243583242,0.799185354072065,2,Al,Te,
Si2Te2,4,-16.203883684105936,31,0,32,5,1,2.9136190748474267,3.562718267672245,-1.991447374132261e-06,-0.26437468695096916,0,22.632420531596825,29.586076477665646,0.423390164641332,,,,,,,0.15811358457607316,0.048981289709860903,0,2,0.0,0.0,0.2885882075287327,0.25098345695080315,0,,,,,,,1,0.0,0.0,,,0.7718439762387611,-4.209773437472527,-3.437929461233766,-3.817246416478968,0.4838308957795255,2,Si,Te,
C2H2,4,-25.622677875921283,164,1,72,0,0,2.679125925711613,2.1645644114765075,2.814839792307244e-06,-1.1482686514405004e-13,1,0.9007759656077122,0.9007759656108869,0.2523855273885176,0.00015051378556927344,0.9009264793932815,0.00014741140376026634,0.9009233770146472,0.0028887222085310516,0.25527424959704864,1.0265471468044667,0.6152245715931574,0,2,0.0,0.0,0.004499304927557651,-0.1336735492937482,0,,,,,,,0,0.0,0.0,,,6.415813274418973,-6.8273180728017335,-0.41150479838276,-3.619411435605171,1.3872987326872694,2,C,H,
Tl2Se2,4,-12.746634428642624,187,0,78,1,0,5.468828908044364,3.9267652878133092,-9.16553129847852e-09,-2.8248708142055193e-14,1,5.922397093257326,5.922397093257339,0.5890846897180377,4.187518517208724,10.10991561046605,4.189337207224769,10.111734300482109,0.019042127690165372,0.6081268174082031,0.18226037833807876,2.022390163118969,0,2,0.0,0.0,0.07623068817761913,-0.1963084545553344,0,,,,,,,1,0.0,0.0,,,1.3217043767413377,-6.668738359920116,-5.347033983178778,-6.007886171549448,0.5451463516633089,2,Tl,Se,
Sc2Se2,4,-20.482348741943053,187,0,78,1,0,5.877730703544835,3.9474537009367068,-1.4101505993940463e-08,-0.06365647227489615,0,19.243052534505345,19.243052534505342,0.5669787261442238,,,,,,,0.4208054635516127,0.5374102584683274,0,2,0.0,0.0,0.5483052378866384,-1.0493058836715399,0,,,,,,,1,0.0,0.0,,,0.8509537469335193,-5.081631292004886,-4.230677545071367,-4.654482347259826,0.39995344027282936,2,Sc,Se,
Al2S2,4,-19.17506428137371,187,0,78,1,0,4.736528799005836,3.8686905346273837,2.00121953897618e-14,-3.339691329933295e-15,1,3.1036331191345727,3.103633119134574,0.48225506940066876,1.687580648625304,4.791213767759877,1.7044766271924925,4.808109746327067,0.03295825423171206,0.5152133236323808,0.6211767652245122,3.0877623881574783,0,2,0.0,0.0,0.006499855549966793,-0.8856899236153453,0,,,,,,,0,0.0,0.0,,,3.7742778524819744,-7.513076594707671,-3.7387987422256965,-5.625937668466683,1.329570208197103,2,Al,S,
Ir2O2,4,-29.446736408170445,187,0,78,1,0,4.81367336603788,5.366634498144716,-4.209918151347829e-09,-0.2381411817198723,0,73.77410535901711,73.77410535901723,0.4381184603138439,,,,,,,0.26234765580143665,1.6773981972545338,0,2,0.0,0.0,0.5104455885021979,-0.1616876901545261,0,,,,,,,3,1.2287918970223426,1.2287918970223428,,,0.23401017294961265,-5.27330449719624,-5.039294324246628,-5.131881516805027,0.3390593503938537,2,Ir,O,
BSb,2,-9.498322079178433,187,0,78,1,0,2.398081733190338e-14,2.414825160345119,-1.5882964763448793e-14,-2.6013820505450376e-12,1,11.852191540518874,11.852191540518874,0.2279365105538451,,,,,,,0.07119210055095351,0.07030526004168886,0,2,0.0,0.0,0.8062554366369881,0.8062554366369881,0,,,,,,,1,0.0,0.0,,,0.6345497795653061,-4.933664612477946,-4.29911483291264,-4.6157054329612786,0.30029515689851644,2,B,Sb,
Ir2S2,4,-26.89484763432116,187,0,78,1,0,5.184614633851209,5.368370136052787,1.5452459272481183e-12,-0.7242285511218334,0,52.11347256210572,52.113472562105684,0.5538489848481711,,,,,,,0.07371795891960867,0.09794103943907781,0,2,0.0,0.0,0.305248542309716,-0.04681361213974533,0,,,,,,,1,0.0,0.0,,,0.10810152882388446,-4.658210997935876,-4.550109469111991,-4.603804074813506,0.359488312925051,2,Ir,S,
InP,2,-7.753161473536454,156,0,69,3,0,0.49490528113038224,2.0488800970815433,-0.0841598644423174,-1.0571776369820838e-13,1,3.497870226468857,3.4978702264688573,0.2356438026266328,0.946551437902772,4.444421664371629,0.9463787972365981,4.4442490237054555,0.023180798665843782,0.2588246012924766,0.09368425612800046,0.7953187446155545,0,2,0.0,0.0,0.4323393392714814,0.18722328178432912,1,12.54363230242775,,,,,,0,0.0,0.0,,,2.3002400918153736,-6.09758680180368,-3.7973467099883065,-4.947466755895993,0.47573316831098145,2,In,P,
Cu2Br2,4,-11.619198868064247,129,1,64,4,2,3.2828909017101067,2.8267634927723035,-3.257240307367198e-08,-2.9071189991863904e-12,1,1.811528363877703,1.811528363877704,0.3754157153863409,7.012876141402453,8.824404505280157,6.9840112695399394,8.795539633417643,0.03440655315659799,0.4098222685429389,0.4076652671241655,1.2249795792965819,0,2,0.0,0.0,0.0298248033084465,-0.2744310449292957,0,,,,,,,0,0.0,0.0,,,3.317619448513526,-6.433254518056513,-3.1156350695429875,-4.774444793830301,1.2710565754193874,2,Cu,Br,
Al2Se2,4,-17.310587503411153,187,0,78,1,0,4.922811148608773,3.819684972526627,2.125401561066648e-14,-3.314325001228525e-14,1,3.6306191382170043,3.6306191382170057,0.5167602991161515,1.737603220545311,5.368222358762315,1.7371873745475943,5.3678065127646,0.021461063311878116,0.5382213624280296,0.7272702912299529,3.089791594394872,0,2,0.0,0.0,0.0,-0.7172024744747607,0,,,,,,,0,0.0,0.0,,,3.537264053076093,-7.03216788999929,-3.4949038369231964,-5.263535863461243,1.0958523121949413,2,Al,Se,
Zr2Te2,4,-22.40247865999102,187,0,78,1,0,6.315278053910894,5.140970101215052,1.724696109241856e-07,-7.810842684557272e-15,1,22.830225050102342,22.830225050102342,0.6775498137488015,0.19376431199452193,23.023989362096863,0.19389184948957797,23.02411689959192,0.0008706751147388619,0.6784204888635403,0.34740317039815954,55.82654287054286,0,2,0.0,0.0,0.6243124929981088,-0.2967249416057749,0,,,,,,,1,0.0,0.0,,,0.7378787784859581,-4.984350120751395,-4.246471342265437,-4.573450155759845,0.3598669007311507,2,Zr,Te,
Pb2Te2,4,-15.31126892443466,129,1,64,4,2,3.337912447723528,3.7089573226190073,-6.393321780340763e-05,-3.4908964354446634e-13,1,12.15027436176089,12.138640684929292,0.4548884787833583,126.13315525525196,138.28342961701284,127.11358152981738,139.25222221474667,0.02409517822180802,0.4789836570051663,0.07907043823738875,0.08008720463217885,0,2,0.0,0.0,0.07499368598771872,-0.34610404769762626,0,,,,,,,1,0.0,0.0,,,1.246060092501092,-5.102272931976971,-3.8562128394758797,-4.479242885726426,0.44163689105205295,2,Pb,Te,
BP,2,-12.128016769998176,187,0,78,1,0,0.0,2.2763698677886754,-9.945125868648153e-15,-6.350922609979438e-13,1,4.831527867195917,4.831527867195908,0.19551436321416804,0.14583774848888184,4.977365615684799,0.14697192870163614,4.9784997958975445,0.0003603156291783913,0.19587467884334644,0.18938289555422935,0.17839104178616141,0,2,0.0,0.0,0.3817281651856588,-0.0293913704839186,0,,,,,,,0,0.0,0.0,,,1.8019763514398917,-5.857111286174748,-4.0551349347348555,-4.956123110454802,0.49393071063384436,2,B,P,
GaP,2,-8.161692660001927,156,0,69,3,0,0.438847203967498,1.9551558870671526,-0.06479251390391161,-8.807086644571698e-14,1,3.0038249556179415,3.0038249556179397,0.22357342132269528,0.7660044592357885,3.76982941485373,0.7659687636256816,3.769793719243621,0.017339329922866548,0.24091275124556183,inf,0.6738154329311901,0,2,0.0,0.0,0.4465586392980719,0.053097308190642956,0,,,,,,,0,0.0,0.0,,,3.273229845836038,-6.373525542991744,-3.100295697155706,-4.736910620073725,0.907990970895107,2,Ga,P,
Cu2S2,4,-15.851113378494462,10,1,14,2,1,2.3571264444528923,2.3857523528759774,3.140274248056709e-05,-7.47113980135521e-12,1,6.340750458525384,2.873978023448647,0.29181201733894163,0.40170532671516423,6.742455785240548,0.018986142686785,2.892964166135432,0.0010396316438894924,0.2928516489828311,0.8054153744348669,2.3692954465358302,0,2,0.0,0.0,0.1265233772185339,-0.08566376633872297,0,,,,,,,0,0.0,0.0,,,1.5839892840258991,-6.535770882625504,-4.951781598599604,-5.743776240612554,0.9494412565029107,2,Cu,S,
Sc2S2,4,-22.56753972850989,187,0,78,1,0,5.541530205178031,3.8645124903134978,1.9923376652381842e-13,-0.05817009244682655,0,18.296333349188057,18.296333349188043,0.5255144046744342,,,,,,,0.3907712968195258,0.4920140180439522,0,2,0.0,0.0,0.627332547474934,-1.2729718849631935,0,,,,,,,1,0.0,0.0,,,1.00418308362713,-5.277365076126504,-4.2731819924993735,-4.7722140416598515,0.3968467452561897,2,Sc,S,
In2O2,4,-20.335312218702065,187,0,78,1,0,4.431604444672821,3.9365488188505857,1.7142669133063712e-09,-5.05500045347875e-15,1,2.929637195178034,2.929637195178034,0.43364397665361726,2.2552510376569113,5.184888232834945,2.2556681605770046,5.185305355755038,0.09086053754433586,0.5245045141979531,0.3197413947947248,1.966117416596571,0,2,0.0,0.0,0.20796207838796588,-1.1401672231399722,0,,,,,,,0,0.0,0.0,,,1.8667499072839566,-7.549116145930526,-5.682366238646569,-6.564518395659652,1.0634052199825912,2,In,O,
F2Ge2,4,-18.072813517505317,164,1,72,0,0,4.154893327643989,2.6585827140180704,-1.6330056330384817e-08,-8.989178143082267e-15,1,7.312697419359425,7.312697419353697,0.25978064719702654,3711.281416510984,3718.594113930343,634.6433901598307,641.9560875791844,0.038074036263269384,0.2978546834602959,0.027829155798482903,1.9198355979389723,0,2,0.0,0.0,0.15929917206963995,-1.4669481747762365,0,,,,,,,2,0.0,0.0,,,0.350082536941299,-7.3737909720754535,-7.0237084351341545,-7.198749703604804,-0.024337,2,F,Ge,
Ge2S2,4,-18.173522832235875,31,0,32,5,1,2.563643507963084,3.106553200420141,-8.699461083138761e-05,-1.937320873014907e-13,1,3.782199787002352,3.7495519050031705,0.3651068469359676,2.659931867742748,6.442131654745101,4.302594915537337,8.052146820540507,0.024988463201113125,0.39009531013708076,0.3276740681238899,0.5096185605641073,0,2,0.0,0.0,0.03086125998168132,-0.24642142247277476,1,489.7615815765543,,,,,,0,0.0,0.0,,,3.0302791852589452,-6.064602581074597,-3.034323395815651,-4.549462988445124,0.9436144488339844,2,Ge,S,
P4,4,-21.30072996278731,53,1,42,6,1,2.109978921279284,3.2326168609374797,7.465530366030869e-06,-2.6942782618118517e-14,1,6.054694677702112,4.532506768262309,0.3428327251574026,0.2319531787778245,6.286647856479936,2.1236734388403763e-09,4.532506770385982,3.1059711805654365e-05,0.34286378486920827,0.4077731803738403,1.0347985715644294,0,2,0.0,0.0,0.03936739665484179,0.03936739665484179,0,,,,,,,0,0.0,0.0,,,2.0250918795203465,-5.955260929584538,-3.9301690500641917,-4.942714989824365,0.623958055160539,1,P,,
As4,4,-18.48505772938068,53,1,42,6,1,2.398794129755429,3.1034062857017055,-7.897531590574252e-14,-2.412147429178112e-12,1,6.3574448746792225,7.485701580812636,0.3779044498909198,4.8905987828059776e-14,6.357444874679271,0.6997750894926059,8.185476670305242,0.00037309152992145094,0.37827754142084125,0.5005615802409027,0.1817895244150577,0,2,0.0,0.0,0.04184453449020964,0.04184453449020964,0,,,,,,,0,0.0,0.0,,,1.796637983908826,-5.444102531144583,-3.647464547235758,-4.545783539190171,0.5657994537805747,1,As,,
